,shadow_image,shadowfree_image,shadow_matte,background_image,background_color_csv
0,./../datasets/Kligler/shadow_image/natiCHW01_01.jpg,./../datasets/Kligler/shadowfree_image/natiCHW01_01.jpg,./../datasets/Kligler/shadow_mask/natiCHW01_01.jpg,./../datasets/Kligler/background_color_image/natiCHW01_01.jpg,./../datasets/Kligler/background_color_csv/natiCHW01_01.csv
1,./../datasets/Kligler/shadow_image/natiCHW01_02.jpg,./../datasets/Kligler/shadowfree_image/natiCHW01_02.jpg,./../datasets/Kligler/shadow_mask/natiCHW01_02.jpg,./../datasets/Kligler/background_color_image/natiCHW01_02.jpg,./../datasets/Kligler/background_color_csv/natiCHW01_02.csv
2,./../datasets/Kligler/shadow_image/natiCHW01_03.jpg,./../datasets/Kligler/shadowfree_image/natiCHW01_03.jpg,./../datasets/Kligler/shadow_mask/natiCHW01_03.jpg,./../datasets/Kligler/background_color_image/natiCHW01_03.jpg,./../datasets/Kligler/background_color_csv/natiCHW01_03.csv
3,./../datasets/Kligler/shadow_image/natiCHW01_04.jpg,./../datasets/Kligler/shadowfree_image/natiCHW01_04.jpg,./../datasets/Kligler/shadow_mask/natiCHW01_04.jpg,./../datasets/Kligler/background_color_image/natiCHW01_04.jpg,./../datasets/Kligler/background_color_csv/natiCHW01_04.csv
4,./../datasets/Kligler/shadow_image/natiCHW01_05.jpg,./../datasets/Kligler/shadowfree_image/natiCHW01_05.jpg,./../datasets/Kligler/shadow_mask/natiCHW01_05.jpg,./../datasets/Kligler/background_color_image/natiCHW01_05.jpg,./../datasets/Kligler/background_color_csv/natiCHW01_05.csv
5,./../datasets/Kligler/shadow_image/natiCHW01_06.jpg,./../datasets/Kligler/shadowfree_image/natiCHW01_06.jpg,./../datasets/Kligler/shadow_mask/natiCHW01_06.jpg,./../datasets/Kligler/background_color_image/natiCHW01_06.jpg,./../datasets/Kligler/background_color_csv/natiCHW01_06.csv
6,./../datasets/Kligler/shadow_image/natiCHW01_07.jpg,./../datasets/Kligler/shadowfree_image/natiCHW01_07.jpg,./../datasets/Kligler/shadow_mask/natiCHW01_07.jpg,./../datasets/Kligler/background_color_image/natiCHW01_07.jpg,./../datasets/Kligler/background_color_csv/natiCHW01_07.csv
7,./../datasets/Kligler/shadow_image/natiCHW01_08.jpg,./../datasets/Kligler/shadowfree_image/natiCHW01_08.jpg,./../datasets/Kligler/shadow_mask/natiCHW01_08.jpg,./../datasets/Kligler/background_color_image/natiCHW01_08.jpg,./../datasets/Kligler/background_color_csv/natiCHW01_08.csv
8,./../datasets/Kligler/shadow_image/natiCHW01_09.jpg,./../datasets/Kligler/shadowfree_image/natiCHW01_09.jpg,./../datasets/Kligler/shadow_mask/natiCHW01_09.jpg,./../datasets/Kligler/background_color_image/natiCHW01_09.jpg,./../datasets/Kligler/background_color_csv/natiCHW01_09.csv
9,./../datasets/Kligler/shadow_image/natiCHW01_10.jpg,./../datasets/Kligler/shadowfree_image/natiCHW01_10.jpg,./../datasets/Kligler/shadow_mask/natiCHW01_10.jpg,./../datasets/Kligler/background_color_image/natiCHW01_10.jpg,./../datasets/Kligler/background_color_csv/natiCHW01_10.csv
10,./../datasets/Kligler/shadow_image/natiCHW02_01.jpg,./../datasets/Kligler/shadowfree_image/natiCHW02_01.jpg,./../datasets/Kligler/shadow_mask/natiCHW02_01.jpg,./../datasets/Kligler/background_color_image/natiCHW02_01.jpg,./../datasets/Kligler/background_color_csv/natiCHW02_01.csv
11,./../datasets/Kligler/shadow_image/natiCHW02_02.jpg,./../datasets/Kligler/shadowfree_image/natiCHW02_02.jpg,./../datasets/Kligler/shadow_mask/natiCHW02_02.jpg,./../datasets/Kligler/background_color_image/natiCHW02_02.jpg,./../datasets/Kligler/background_color_csv/natiCHW02_02.csv
12,./../datasets/Kligler/shadow_image/natiCHW02_03.jpg,./../datasets/Kligler/shadowfree_image/natiCHW02_03.jpg,./../datasets/Kligler/shadow_mask/natiCHW02_03.jpg,./../datasets/Kligler/background_color_image/natiCHW02_03.jpg,./../datasets/Kligler/background_color_csv/natiCHW02_03.csv
13,./../datasets/Kligler/shadow_image/natiCHW02_04.jpg,./../datasets/Kligler/shadowfree_image/natiCHW02_04.jpg,./../datasets/Kligler/shadow_mask/natiCHW02_04.jpg,./../datasets/Kligler/background_color_image/natiCHW02_04.jpg,./../datasets/Kligler/background_color_csv/natiCHW02_04.csv
14,./../datasets/Kligler/shadow_image/natiCHW02_05.jpg,./../datasets/Kligler/shadowfree_image/natiCHW02_05.jpg,./../datasets/Kligler/shadow_mask/natiCHW02_05.jpg,./../datasets/Kligler/background_color_image/natiCHW02_05.jpg,./../datasets/Kligler/background_color_csv/natiCHW02_05.csv
15,./../datasets/Kligler/shadow_image/natiCHW02_06.jpg,./../datasets/Kligler/shadowfree_image/natiCHW02_06.jpg,./../datasets/Kligler/shadow_mask/natiCHW02_06.jpg,./../datasets/Kligler/background_color_image/natiCHW02_06.jpg,./../datasets/Kligler/background_color_csv/natiCHW02_06.csv
16,./../datasets/Kligler/shadow_image/natiCHW02_07.jpg,./../datasets/Kligler/shadowfree_image/natiCHW02_07.jpg,./../datasets/Kligler/shadow_mask/natiCHW02_07.jpg,./../datasets/Kligler/background_color_image/natiCHW02_07.jpg,./../datasets/Kligler/background_color_csv/natiCHW02_07.csv
17,./../datasets/Kligler/shadow_image/natiCHW02_08.jpg,./../datasets/Kligler/shadowfree_image/natiCHW02_08.jpg,./../datasets/Kligler/shadow_mask/natiCHW02_08.jpg,./../datasets/Kligler/background_color_image/natiCHW02_08.jpg,./../datasets/Kligler/background_color_csv/natiCHW02_08.csv
18,./../datasets/Kligler/shadow_image/natiCHW02_09.jpg,./../datasets/Kligler/shadowfree_image/natiCHW02_09.jpg,./../datasets/Kligler/shadow_mask/natiCHW02_09.jpg,./../datasets/Kligler/background_color_image/natiCHW02_09.jpg,./../datasets/Kligler/background_color_csv/natiCHW02_09.csv
19,./../datasets/Kligler/shadow_image/natiCHW02_10.jpg,./../datasets/Kligler/shadowfree_image/natiCHW02_10.jpg,./../datasets/Kligler/shadow_mask/natiCHW02_10.jpg,./../datasets/Kligler/background_color_image/natiCHW02_10.jpg,./../datasets/Kligler/background_color_csv/natiCHW02_10.csv
20,./../datasets/Kligler/shadow_image/natiCHW02_11.jpg,./../datasets/Kligler/shadowfree_image/natiCHW02_11.jpg,./../datasets/Kligler/shadow_mask/natiCHW02_11.jpg,./../datasets/Kligler/background_color_image/natiCHW02_11.jpg,./../datasets/Kligler/background_color_csv/natiCHW02_11.csv
21,./../datasets/Kligler/shadow_image/natiCHW03_01.jpg,./../datasets/Kligler/shadowfree_image/natiCHW03_01.jpg,./../datasets/Kligler/shadow_mask/natiCHW03_01.jpg,./../datasets/Kligler/background_color_image/natiCHW03_01.jpg,./../datasets/Kligler/background_color_csv/natiCHW03_01.csv
22,./../datasets/Kligler/shadow_image/natiCHW03_02.jpg,./../datasets/Kligler/shadowfree_image/natiCHW03_02.jpg,./../datasets/Kligler/shadow_mask/natiCHW03_02.jpg,./../datasets/Kligler/background_color_image/natiCHW03_02.jpg,./../datasets/Kligler/background_color_csv/natiCHW03_02.csv
23,./../datasets/Kligler/shadow_image/natiCHW03_03.jpg,./../datasets/Kligler/shadowfree_image/natiCHW03_03.jpg,./../datasets/Kligler/shadow_mask/natiCHW03_03.jpg,./../datasets/Kligler/background_color_image/natiCHW03_03.jpg,./../datasets/Kligler/background_color_csv/natiCHW03_03.csv
24,./../datasets/Kligler/shadow_image/natiCHW03_04.jpg,./../datasets/Kligler/shadowfree_image/natiCHW03_04.jpg,./../datasets/Kligler/shadow_mask/natiCHW03_04.jpg,./../datasets/Kligler/background_color_image/natiCHW03_04.jpg,./../datasets/Kligler/background_color_csv/natiCHW03_04.csv
25,./../datasets/Kligler/shadow_image/natiCHW03_05.jpg,./../datasets/Kligler/shadowfree_image/natiCHW03_05.jpg,./../datasets/Kligler/shadow_mask/natiCHW03_05.jpg,./../datasets/Kligler/background_color_image/natiCHW03_05.jpg,./../datasets/Kligler/background_color_csv/natiCHW03_05.csv
26,./../datasets/Kligler/shadow_image/natiCHW03_06.jpg,./../datasets/Kligler/shadowfree_image/natiCHW03_06.jpg,./../datasets/Kligler/shadow_mask/natiCHW03_06.jpg,./../datasets/Kligler/background_color_image/natiCHW03_06.jpg,./../datasets/Kligler/background_color_csv/natiCHW03_06.csv
27,./../datasets/Kligler/shadow_image/natiCHW03_07.jpg,./../datasets/Kligler/shadowfree_image/natiCHW03_07.jpg,./../datasets/Kligler/shadow_mask/natiCHW03_07.jpg,./../datasets/Kligler/background_color_image/natiCHW03_07.jpg,./../datasets/Kligler/background_color_csv/natiCHW03_07.csv
28,./../datasets/Kligler/shadow_image/natiCHW04_01.jpg,./../datasets/Kligler/shadowfree_image/natiCHW04_01.jpg,./../datasets/Kligler/shadow_mask/natiCHW04_01.jpg,./../datasets/Kligler/background_color_image/natiCHW04_01.jpg,./../datasets/Kligler/background_color_csv/natiCHW04_01.csv
29,./../datasets/Kligler/shadow_image/natiCHW04_02.jpg,./../datasets/Kligler/shadowfree_image/natiCHW04_02.jpg,./../datasets/Kligler/shadow_mask/natiCHW04_02.jpg,./../datasets/Kligler/background_color_image/natiCHW04_02.jpg,./../datasets/Kligler/background_color_csv/natiCHW04_02.csv
30,./../datasets/Kligler/shadow_image/natiCHW04_03.jpg,./../datasets/Kligler/shadowfree_image/natiCHW04_03.jpg,./../datasets/Kligler/shadow_mask/natiCHW04_03.jpg,./../datasets/Kligler/background_color_image/natiCHW04_03.jpg,./../datasets/Kligler/background_color_csv/natiCHW04_03.csv
31,./../datasets/Kligler/shadow_image/natiCHW04_04.jpg,./../datasets/Kligler/shadowfree_image/natiCHW04_04.jpg,./../datasets/Kligler/shadow_mask/natiCHW04_04.jpg,./../datasets/Kligler/background_color_image/natiCHW04_04.jpg,./../datasets/Kligler/background_color_csv/natiCHW04_04.csv
32,./../datasets/Kligler/shadow_image/natiCHW04_05.jpg,./../datasets/Kligler/shadowfree_image/natiCHW04_05.jpg,./../datasets/Kligler/shadow_mask/natiCHW04_05.jpg,./../datasets/Kligler/background_color_image/natiCHW04_05.jpg,./../datasets/Kligler/background_color_csv/natiCHW04_05.csv
33,./../datasets/Kligler/shadow_image/natiCHW04_06.jpg,./../datasets/Kligler/shadowfree_image/natiCHW04_06.jpg,./../datasets/Kligler/shadow_mask/natiCHW04_06.jpg,./../datasets/Kligler/background_color_image/natiCHW04_06.jpg,./../datasets/Kligler/background_color_csv/natiCHW04_06.csv
34,./../datasets/Kligler/shadow_image/natiCHW04_07.jpg,./../datasets/Kligler/shadowfree_image/natiCHW04_07.jpg,./../datasets/Kligler/shadow_mask/natiCHW04_07.jpg,./../datasets/Kligler/background_color_image/natiCHW04_07.jpg,./../datasets/Kligler/background_color_csv/natiCHW04_07.csv
35,./../datasets/Kligler/shadow_image/natiCHW04_08.jpg,./../datasets/Kligler/shadowfree_image/natiCHW04_08.jpg,./../datasets/Kligler/shadow_mask/natiCHW04_08.jpg,./../datasets/Kligler/background_color_image/natiCHW04_08.jpg,./../datasets/Kligler/background_color_csv/natiCHW04_08.csv
36,./../datasets/Kligler/shadow_image/natiCHW04_09.jpg,./../datasets/Kligler/shadowfree_image/natiCHW04_09.jpg,./../datasets/Kligler/shadow_mask/natiCHW04_09.jpg,./../datasets/Kligler/background_color_image/natiCHW04_09.jpg,./../datasets/Kligler/background_color_csv/natiCHW04_09.csv
37,./../datasets/Kligler/shadow_image/natiCHW04_10.jpg,./../datasets/Kligler/shadowfree_image/natiCHW04_10.jpg,./../datasets/Kligler/shadow_mask/natiCHW04_10.jpg,./../datasets/Kligler/background_color_image/natiCHW04_10.jpg,./../datasets/Kligler/background_color_csv/natiCHW04_10.csv
38,./../datasets/Kligler/shadow_image/natiCHW04_11.jpg,./../datasets/Kligler/shadowfree_image/natiCHW04_11.jpg,./../datasets/Kligler/shadow_mask/natiCHW04_11.jpg,./../datasets/Kligler/background_color_image/natiCHW04_11.jpg,./../datasets/Kligler/background_color_csv/natiCHW04_11.csv
39,./../datasets/Kligler/shadow_image/natiCHW04_12.jpg,./../datasets/Kligler/shadowfree_image/natiCHW04_12.jpg,./../datasets/Kligler/shadow_mask/natiCHW04_12.jpg,./../datasets/Kligler/background_color_image/natiCHW04_12.jpg,./../datasets/Kligler/background_color_csv/natiCHW04_12.csv
40,./../datasets/Kligler/shadow_image/natiCHW04_13.jpg,./../datasets/Kligler/shadowfree_image/natiCHW04_13.jpg,./../datasets/Kligler/shadow_mask/natiCHW04_13.jpg,./../datasets/Kligler/background_color_image/natiCHW04_13.jpg,./../datasets/Kligler/background_color_csv/natiCHW04_13.csv
41,./../datasets/Kligler/shadow_image/natiCHW04_14.jpg,./../datasets/Kligler/shadowfree_image/natiCHW04_14.jpg,./../datasets/Kligler/shadow_mask/natiCHW04_14.jpg,./../datasets/Kligler/background_color_image/natiCHW04_14.jpg,./../datasets/Kligler/background_color_csv/natiCHW04_14.csv
42,./../datasets/Kligler/shadow_image/natiCHW04_15.jpg,./../datasets/Kligler/shadowfree_image/natiCHW04_15.jpg,./../datasets/Kligler/shadow_mask/natiCHW04_15.jpg,./../datasets/Kligler/background_color_image/natiCHW04_15.jpg,./../datasets/Kligler/background_color_csv/natiCHW04_15.csv
43,./../datasets/Kligler/shadow_image/natiCHW04_16.jpg,./../datasets/Kligler/shadowfree_image/natiCHW04_16.jpg,./../datasets/Kligler/shadow_mask/natiCHW04_16.jpg,./../datasets/Kligler/background_color_image/natiCHW04_16.jpg,./../datasets/Kligler/background_color_csv/natiCHW04_16.csv
44,./../datasets/Kligler/shadow_image/natiCHW05_01.jpg,./../datasets/Kligler/shadowfree_image/natiCHW05_01.jpg,./../datasets/Kligler/shadow_mask/natiCHW05_01.jpg,./../datasets/Kligler/background_color_image/natiCHW05_01.jpg,./../datasets/Kligler/background_color_csv/natiCHW05_01.csv
45,./../datasets/Kligler/shadow_image/natiCHW05_02.jpg,./../datasets/Kligler/shadowfree_image/natiCHW05_02.jpg,./../datasets/Kligler/shadow_mask/natiCHW05_02.jpg,./../datasets/Kligler/background_color_image/natiCHW05_02.jpg,./../datasets/Kligler/background_color_csv/natiCHW05_02.csv
46,./../datasets/Kligler/shadow_image/natiCHW05_03.jpg,./../datasets/Kligler/shadowfree_image/natiCHW05_03.jpg,./../datasets/Kligler/shadow_mask/natiCHW05_03.jpg,./../datasets/Kligler/background_color_image/natiCHW05_03.jpg,./../datasets/Kligler/background_color_csv/natiCHW05_03.csv
47,./../datasets/Kligler/shadow_image/natiCHW05_04.jpg,./../datasets/Kligler/shadowfree_image/natiCHW05_04.jpg,./../datasets/Kligler/shadow_mask/natiCHW05_04.jpg,./../datasets/Kligler/background_color_image/natiCHW05_04.jpg,./../datasets/Kligler/background_color_csv/natiCHW05_04.csv
48,./../datasets/Kligler/shadow_image/natiCHW05_05.jpg,./../datasets/Kligler/shadowfree_image/natiCHW05_05.jpg,./../datasets/Kligler/shadow_mask/natiCHW05_05.jpg,./../datasets/Kligler/background_color_image/natiCHW05_05.jpg,./../datasets/Kligler/background_color_csv/natiCHW05_05.csv
49,./../datasets/Kligler/shadow_image/natiCHW05_06.jpg,./../datasets/Kligler/shadowfree_image/natiCHW05_06.jpg,./../datasets/Kligler/shadow_mask/natiCHW05_06.jpg,./../datasets/Kligler/background_color_image/natiCHW05_06.jpg,./../datasets/Kligler/background_color_csv/natiCHW05_06.csv
50,./../datasets/Kligler/shadow_image/natiCHW05_07.jpg,./../datasets/Kligler/shadowfree_image/natiCHW05_07.jpg,./../datasets/Kligler/shadow_mask/natiCHW05_07.jpg,./../datasets/Kligler/background_color_image/natiCHW05_07.jpg,./../datasets/Kligler/background_color_csv/natiCHW05_07.csv
51,./../datasets/Kligler/shadow_image/natiCHW05_08.jpg,./../datasets/Kligler/shadowfree_image/natiCHW05_08.jpg,./../datasets/Kligler/shadow_mask/natiCHW05_08.jpg,./../datasets/Kligler/background_color_image/natiCHW05_08.jpg,./../datasets/Kligler/background_color_csv/natiCHW05_08.csv
52,./../datasets/Kligler/shadow_image/natiCHW05_09.jpg,./../datasets/Kligler/shadowfree_image/natiCHW05_09.jpg,./../datasets/Kligler/shadow_mask/natiCHW05_09.jpg,./../datasets/Kligler/background_color_image/natiCHW05_09.jpg,./../datasets/Kligler/background_color_csv/natiCHW05_09.csv
53,./../datasets/Kligler/shadow_image/natiCHW05_10.jpg,./../datasets/Kligler/shadowfree_image/natiCHW05_10.jpg,./../datasets/Kligler/shadow_mask/natiCHW05_10.jpg,./../datasets/Kligler/background_color_image/natiCHW05_10.jpg,./../datasets/Kligler/background_color_csv/natiCHW05_10.csv
54,./../datasets/Kligler/shadow_image/natiCPO01_01.jpg,./../datasets/Kligler/shadowfree_image/natiCPO01_01.jpg,./../datasets/Kligler/shadow_mask/natiCPO01_01.jpg,./../datasets/Kligler/background_color_image/natiCPO01_01.jpg,./../datasets/Kligler/background_color_csv/natiCPO01_01.csv
55,./../datasets/Kligler/shadow_image/natiCPO01_02.jpg,./../datasets/Kligler/shadowfree_image/natiCPO01_02.jpg,./../datasets/Kligler/shadow_mask/natiCPO01_02.jpg,./../datasets/Kligler/background_color_image/natiCPO01_02.jpg,./../datasets/Kligler/background_color_csv/natiCPO01_02.csv
56,./../datasets/Kligler/shadow_image/natiCPO01_03.jpg,./../datasets/Kligler/shadowfree_image/natiCPO01_03.jpg,./../datasets/Kligler/shadow_mask/natiCPO01_03.jpg,./../datasets/Kligler/background_color_image/natiCPO01_03.jpg,./../datasets/Kligler/background_color_csv/natiCPO01_03.csv
57,./../datasets/Kligler/shadow_image/natiCPO01_04.jpg,./../datasets/Kligler/shadowfree_image/natiCPO01_04.jpg,./../datasets/Kligler/shadow_mask/natiCPO01_04.jpg,./../datasets/Kligler/background_color_image/natiCPO01_04.jpg,./../datasets/Kligler/background_color_csv/natiCPO01_04.csv
58,./../datasets/Kligler/shadow_image/natiCPO01_05.jpg,./../datasets/Kligler/shadowfree_image/natiCPO01_05.jpg,./../datasets/Kligler/shadow_mask/natiCPO01_05.jpg,./../datasets/Kligler/background_color_image/natiCPO01_05.jpg,./../datasets/Kligler/background_color_csv/natiCPO01_05.csv
59,./../datasets/Kligler/shadow_image/natiCPO01_06.jpg,./../datasets/Kligler/shadowfree_image/natiCPO01_06.jpg,./../datasets/Kligler/shadow_mask/natiCPO01_06.jpg,./../datasets/Kligler/background_color_image/natiCPO01_06.jpg,./../datasets/Kligler/background_color_csv/natiCPO01_06.csv
60,./../datasets/Kligler/shadow_image/natiCPO01_07.jpg,./../datasets/Kligler/shadowfree_image/natiCPO01_07.jpg,./../datasets/Kligler/shadow_mask/natiCPO01_07.jpg,./../datasets/Kligler/background_color_image/natiCPO01_07.jpg,./../datasets/Kligler/background_color_csv/natiCPO01_07.csv
61,./../datasets/Kligler/shadow_image/natiCPO01_08.jpg,./../datasets/Kligler/shadowfree_image/natiCPO01_08.jpg,./../datasets/Kligler/shadow_mask/natiCPO01_08.jpg,./../datasets/Kligler/background_color_image/natiCPO01_08.jpg,./../datasets/Kligler/background_color_csv/natiCPO01_08.csv
62,./../datasets/Kligler/shadow_image/natiCPO01_09.jpg,./../datasets/Kligler/shadowfree_image/natiCPO01_09.jpg,./../datasets/Kligler/shadow_mask/natiCPO01_09.jpg,./../datasets/Kligler/background_color_image/natiCPO01_09.jpg,./../datasets/Kligler/background_color_csv/natiCPO01_09.csv
63,./../datasets/Kligler/shadow_image/natiCPO01_10.jpg,./../datasets/Kligler/shadowfree_image/natiCPO01_10.jpg,./../datasets/Kligler/shadow_mask/natiCPO01_10.jpg,./../datasets/Kligler/background_color_image/natiCPO01_10.jpg,./../datasets/Kligler/background_color_csv/natiCPO01_10.csv
64,./../datasets/Kligler/shadow_image/natiCPO01_11.jpg,./../datasets/Kligler/shadowfree_image/natiCPO01_11.jpg,./../datasets/Kligler/shadow_mask/natiCPO01_11.jpg,./../datasets/Kligler/background_color_image/natiCPO01_11.jpg,./../datasets/Kligler/background_color_csv/natiCPO01_11.csv
65,./../datasets/Kligler/shadow_image/natiCPO01_12.jpg,./../datasets/Kligler/shadowfree_image/natiCPO01_12.jpg,./../datasets/Kligler/shadow_mask/natiCPO01_12.jpg,./../datasets/Kligler/background_color_image/natiCPO01_12.jpg,./../datasets/Kligler/background_color_csv/natiCPO01_12.csv
66,./../datasets/Kligler/shadow_image/natiCPO02_01.jpg,./../datasets/Kligler/shadowfree_image/natiCPO02_01.jpg,./../datasets/Kligler/shadow_mask/natiCPO02_01.jpg,./../datasets/Kligler/background_color_image/natiCPO02_01.jpg,./../datasets/Kligler/background_color_csv/natiCPO02_01.csv
67,./../datasets/Kligler/shadow_image/natiCPO02_02.jpg,./../datasets/Kligler/shadowfree_image/natiCPO02_02.jpg,./../datasets/Kligler/shadow_mask/natiCPO02_02.jpg,./../datasets/Kligler/background_color_image/natiCPO02_02.jpg,./../datasets/Kligler/background_color_csv/natiCPO02_02.csv
68,./../datasets/Kligler/shadow_image/natiCPO02_03.jpg,./../datasets/Kligler/shadowfree_image/natiCPO02_03.jpg,./../datasets/Kligler/shadow_mask/natiCPO02_03.jpg,./../datasets/Kligler/background_color_image/natiCPO02_03.jpg,./../datasets/Kligler/background_color_csv/natiCPO02_03.csv
69,./../datasets/Kligler/shadow_image/natiCPO02_04.jpg,./../datasets/Kligler/shadowfree_image/natiCPO02_04.jpg,./../datasets/Kligler/shadow_mask/natiCPO02_04.jpg,./../datasets/Kligler/background_color_image/natiCPO02_04.jpg,./../datasets/Kligler/background_color_csv/natiCPO02_04.csv
70,./../datasets/Kligler/shadow_image/natiCPO02_05.jpg,./../datasets/Kligler/shadowfree_image/natiCPO02_05.jpg,./../datasets/Kligler/shadow_mask/natiCPO02_05.jpg,./../datasets/Kligler/background_color_image/natiCPO02_05.jpg,./../datasets/Kligler/background_color_csv/natiCPO02_05.csv
71,./../datasets/Kligler/shadow_image/natiCPO02_06.jpg,./../datasets/Kligler/shadowfree_image/natiCPO02_06.jpg,./../datasets/Kligler/shadow_mask/natiCPO02_06.jpg,./../datasets/Kligler/background_color_image/natiCPO02_06.jpg,./../datasets/Kligler/background_color_csv/natiCPO02_06.csv
72,./../datasets/Kligler/shadow_image/natiCPO02_07.jpg,./../datasets/Kligler/shadowfree_image/natiCPO02_07.jpg,./../datasets/Kligler/shadow_mask/natiCPO02_07.jpg,./../datasets/Kligler/background_color_image/natiCPO02_07.jpg,./../datasets/Kligler/background_color_csv/natiCPO02_07.csv
73,./../datasets/Kligler/shadow_image/natiCPO02_08.jpg,./../datasets/Kligler/shadowfree_image/natiCPO02_08.jpg,./../datasets/Kligler/shadow_mask/natiCPO02_08.jpg,./../datasets/Kligler/background_color_image/natiCPO02_08.jpg,./../datasets/Kligler/background_color_csv/natiCPO02_08.csv
74,./../datasets/Kligler/shadow_image/natiCPO02_09.jpg,./../datasets/Kligler/shadowfree_image/natiCPO02_09.jpg,./../datasets/Kligler/shadow_mask/natiCPO02_09.jpg,./../datasets/Kligler/background_color_image/natiCPO02_09.jpg,./../datasets/Kligler/background_color_csv/natiCPO02_09.csv
75,./../datasets/Kligler/shadow_image/natiCPO02_10.jpg,./../datasets/Kligler/shadowfree_image/natiCPO02_10.jpg,./../datasets/Kligler/shadow_mask/natiCPO02_10.jpg,./../datasets/Kligler/background_color_image/natiCPO02_10.jpg,./../datasets/Kligler/background_color_csv/natiCPO02_10.csv
76,./../datasets/Kligler/shadow_image/natiCPO03_01.jpg,./../datasets/Kligler/shadowfree_image/natiCPO03_01.jpg,./../datasets/Kligler/shadow_mask/natiCPO03_01.jpg,./../datasets/Kligler/background_color_image/natiCPO03_01.jpg,./../datasets/Kligler/background_color_csv/natiCPO03_01.csv
77,./../datasets/Kligler/shadow_image/natiCPO03_02.jpg,./../datasets/Kligler/shadowfree_image/natiCPO03_02.jpg,./../datasets/Kligler/shadow_mask/natiCPO03_02.jpg,./../datasets/Kligler/background_color_image/natiCPO03_02.jpg,./../datasets/Kligler/background_color_csv/natiCPO03_02.csv
78,./../datasets/Kligler/shadow_image/natiCPO03_03.jpg,./../datasets/Kligler/shadowfree_image/natiCPO03_03.jpg,./../datasets/Kligler/shadow_mask/natiCPO03_03.jpg,./../datasets/Kligler/background_color_image/natiCPO03_03.jpg,./../datasets/Kligler/background_color_csv/natiCPO03_03.csv
79,./../datasets/Kligler/shadow_image/natiCPO03_04.jpg,./../datasets/Kligler/shadowfree_image/natiCPO03_04.jpg,./../datasets/Kligler/shadow_mask/natiCPO03_04.jpg,./../datasets/Kligler/background_color_image/natiCPO03_04.jpg,./../datasets/Kligler/background_color_csv/natiCPO03_04.csv
80,./../datasets/Kligler/shadow_image/natiCPO03_05.jpg,./../datasets/Kligler/shadowfree_image/natiCPO03_05.jpg,./../datasets/Kligler/shadow_mask/natiCPO03_05.jpg,./../datasets/Kligler/background_color_image/natiCPO03_05.jpg,./../datasets/Kligler/background_color_csv/natiCPO03_05.csv
81,./../datasets/Kligler/shadow_image/natiCPO03_06.jpg,./../datasets/Kligler/shadowfree_image/natiCPO03_06.jpg,./../datasets/Kligler/shadow_mask/natiCPO03_06.jpg,./../datasets/Kligler/background_color_image/natiCPO03_06.jpg,./../datasets/Kligler/background_color_csv/natiCPO03_06.csv
82,./../datasets/Kligler/shadow_image/natiCPO03_07.jpg,./../datasets/Kligler/shadowfree_image/natiCPO03_07.jpg,./../datasets/Kligler/shadow_mask/natiCPO03_07.jpg,./../datasets/Kligler/background_color_image/natiCPO03_07.jpg,./../datasets/Kligler/background_color_csv/natiCPO03_07.csv
83,./../datasets/Kligler/shadow_image/natiCPO03_08.jpg,./../datasets/Kligler/shadowfree_image/natiCPO03_08.jpg,./../datasets/Kligler/shadow_mask/natiCPO03_08.jpg,./../datasets/Kligler/background_color_image/natiCPO03_08.jpg,./../datasets/Kligler/background_color_csv/natiCPO03_08.csv
84,./../datasets/Kligler/shadow_image/natiCPO03_09.jpg,./../datasets/Kligler/shadowfree_image/natiCPO03_09.jpg,./../datasets/Kligler/shadow_mask/natiCPO03_09.jpg,./../datasets/Kligler/background_color_image/natiCPO03_09.jpg,./../datasets/Kligler/background_color_csv/natiCPO03_09.csv
85,./../datasets/Kligler/shadow_image/natiCPO03_10.jpg,./../datasets/Kligler/shadowfree_image/natiCPO03_10.jpg,./../datasets/Kligler/shadow_mask/natiCPO03_10.jpg,./../datasets/Kligler/background_color_image/natiCPO03_10.jpg,./../datasets/Kligler/background_color_csv/natiCPO03_10.csv
86,./../datasets/Kligler/shadow_image/natiCPO03_11.jpg,./../datasets/Kligler/shadowfree_image/natiCPO03_11.jpg,./../datasets/Kligler/shadow_mask/natiCPO03_11.jpg,./../datasets/Kligler/background_color_image/natiCPO03_11.jpg,./../datasets/Kligler/background_color_csv/natiCPO03_11.csv
87,./../datasets/Kligler/shadow_image/natiCPO03_12.jpg,./../datasets/Kligler/shadowfree_image/natiCPO03_12.jpg,./../datasets/Kligler/shadow_mask/natiCPO03_12.jpg,./../datasets/Kligler/background_color_image/natiCPO03_12.jpg,./../datasets/Kligler/background_color_csv/natiCPO03_12.csv
88,./../datasets/Kligler/shadow_image/natiCPO03_13.jpg,./../datasets/Kligler/shadowfree_image/natiCPO03_13.jpg,./../datasets/Kligler/shadow_mask/natiCPO03_13.jpg,./../datasets/Kligler/background_color_image/natiCPO03_13.jpg,./../datasets/Kligler/background_color_csv/natiCPO03_13.csv
89,./../datasets/Kligler/shadow_image/natiCPO04_01.jpg,./../datasets/Kligler/shadowfree_image/natiCPO04_01.jpg,./../datasets/Kligler/shadow_mask/natiCPO04_01.jpg,./../datasets/Kligler/background_color_image/natiCPO04_01.jpg,./../datasets/Kligler/background_color_csv/natiCPO04_01.csv
90,./../datasets/Kligler/shadow_image/natiCPO04_02.jpg,./../datasets/Kligler/shadowfree_image/natiCPO04_02.jpg,./../datasets/Kligler/shadow_mask/natiCPO04_02.jpg,./../datasets/Kligler/background_color_image/natiCPO04_02.jpg,./../datasets/Kligler/background_color_csv/natiCPO04_02.csv
91,./../datasets/Kligler/shadow_image/natiCPO04_03.jpg,./../datasets/Kligler/shadowfree_image/natiCPO04_03.jpg,./../datasets/Kligler/shadow_mask/natiCPO04_03.jpg,./../datasets/Kligler/background_color_image/natiCPO04_03.jpg,./../datasets/Kligler/background_color_csv/natiCPO04_03.csv
92,./../datasets/Kligler/shadow_image/natiCPO04_04.jpg,./../datasets/Kligler/shadowfree_image/natiCPO04_04.jpg,./../datasets/Kligler/shadow_mask/natiCPO04_04.jpg,./../datasets/Kligler/background_color_image/natiCPO04_04.jpg,./../datasets/Kligler/background_color_csv/natiCPO04_04.csv
93,./../datasets/Kligler/shadow_image/natiCPO04_05.jpg,./../datasets/Kligler/shadowfree_image/natiCPO04_05.jpg,./../datasets/Kligler/shadow_mask/natiCPO04_05.jpg,./../datasets/Kligler/background_color_image/natiCPO04_05.jpg,./../datasets/Kligler/background_color_csv/natiCPO04_05.csv
94,./../datasets/Kligler/shadow_image/natiCPO04_06.jpg,./../datasets/Kligler/shadowfree_image/natiCPO04_06.jpg,./../datasets/Kligler/shadow_mask/natiCPO04_06.jpg,./../datasets/Kligler/background_color_image/natiCPO04_06.jpg,./../datasets/Kligler/background_color_csv/natiCPO04_06.csv
95,./../datasets/Kligler/shadow_image/natiCPO04_07.jpg,./../datasets/Kligler/shadowfree_image/natiCPO04_07.jpg,./../datasets/Kligler/shadow_mask/natiCPO04_07.jpg,./../datasets/Kligler/background_color_image/natiCPO04_07.jpg,./../datasets/Kligler/background_color_csv/natiCPO04_07.csv
96,./../datasets/Kligler/shadow_image/natiCPO04_08.jpg,./../datasets/Kligler/shadowfree_image/natiCPO04_08.jpg,./../datasets/Kligler/shadow_mask/natiCPO04_08.jpg,./../datasets/Kligler/background_color_image/natiCPO04_08.jpg,./../datasets/Kligler/background_color_csv/natiCPO04_08.csv
97,./../datasets/Kligler/shadow_image/natiCPO05_01.jpg,./../datasets/Kligler/shadowfree_image/natiCPO05_01.jpg,./../datasets/Kligler/shadow_mask/natiCPO05_01.jpg,./../datasets/Kligler/background_color_image/natiCPO05_01.jpg,./../datasets/Kligler/background_color_csv/natiCPO05_01.csv
98,./../datasets/Kligler/shadow_image/natiCPO05_02.jpg,./../datasets/Kligler/shadowfree_image/natiCPO05_02.jpg,./../datasets/Kligler/shadow_mask/natiCPO05_02.jpg,./../datasets/Kligler/background_color_image/natiCPO05_02.jpg,./../datasets/Kligler/background_color_csv/natiCPO05_02.csv
99,./../datasets/Kligler/shadow_image/natiCPO05_03.jpg,./../datasets/Kligler/shadowfree_image/natiCPO05_03.jpg,./../datasets/Kligler/shadow_mask/natiCPO05_03.jpg,./../datasets/Kligler/background_color_image/natiCPO05_03.jpg,./../datasets/Kligler/background_color_csv/natiCPO05_03.csv
100,./../datasets/Kligler/shadow_image/natiCPO05_04.jpg,./../datasets/Kligler/shadowfree_image/natiCPO05_04.jpg,./../datasets/Kligler/shadow_mask/natiCPO05_04.jpg,./../datasets/Kligler/background_color_image/natiCPO05_04.jpg,./../datasets/Kligler/background_color_csv/natiCPO05_04.csv
101,./../datasets/Kligler/shadow_image/natiCPO05_05.jpg,./../datasets/Kligler/shadowfree_image/natiCPO05_05.jpg,./../datasets/Kligler/shadow_mask/natiCPO05_05.jpg,./../datasets/Kligler/background_color_image/natiCPO05_05.jpg,./../datasets/Kligler/background_color_csv/natiCPO05_05.csv
102,./../datasets/Kligler/shadow_image/natiCPO05_06.jpg,./../datasets/Kligler/shadowfree_image/natiCPO05_06.jpg,./../datasets/Kligler/shadow_mask/natiCPO05_06.jpg,./../datasets/Kligler/background_color_image/natiCPO05_06.jpg,./../datasets/Kligler/background_color_csv/natiCPO05_06.csv
103,./../datasets/Kligler/shadow_image/natiCPO05_07.jpg,./../datasets/Kligler/shadowfree_image/natiCPO05_07.jpg,./../datasets/Kligler/shadow_mask/natiCPO05_07.jpg,./../datasets/Kligler/background_color_image/natiCPO05_07.jpg,./../datasets/Kligler/background_color_csv/natiCPO05_07.csv
104,./../datasets/Kligler/shadow_image/natiCPO05_08.jpg,./../datasets/Kligler/shadowfree_image/natiCPO05_08.jpg,./../datasets/Kligler/shadow_mask/natiCPO05_08.jpg,./../datasets/Kligler/background_color_image/natiCPO05_08.jpg,./../datasets/Kligler/background_color_csv/natiCPO05_08.csv
105,./../datasets/Kligler/shadow_image/natiCPO05_09.jpg,./../datasets/Kligler/shadowfree_image/natiCPO05_09.jpg,./../datasets/Kligler/shadow_mask/natiCPO05_09.jpg,./../datasets/Kligler/background_color_image/natiCPO05_09.jpg,./../datasets/Kligler/background_color_csv/natiCPO05_09.csv
106,./../datasets/Kligler/shadow_image/natiCPO06_01.jpg,./../datasets/Kligler/shadowfree_image/natiCPO06_01.jpg,./../datasets/Kligler/shadow_mask/natiCPO06_01.jpg,./../datasets/Kligler/background_color_image/natiCPO06_01.jpg,./../datasets/Kligler/background_color_csv/natiCPO06_01.csv
107,./../datasets/Kligler/shadow_image/natiCPO06_02.jpg,./../datasets/Kligler/shadowfree_image/natiCPO06_02.jpg,./../datasets/Kligler/shadow_mask/natiCPO06_02.jpg,./../datasets/Kligler/background_color_image/natiCPO06_02.jpg,./../datasets/Kligler/background_color_csv/natiCPO06_02.csv
108,./../datasets/Kligler/shadow_image/natiCPO06_03.jpg,./../datasets/Kligler/shadowfree_image/natiCPO06_03.jpg,./../datasets/Kligler/shadow_mask/natiCPO06_03.jpg,./../datasets/Kligler/background_color_image/natiCPO06_03.jpg,./../datasets/Kligler/background_color_csv/natiCPO06_03.csv
109,./../datasets/Kligler/shadow_image/natiCPO06_04.jpg,./../datasets/Kligler/shadowfree_image/natiCPO06_04.jpg,./../datasets/Kligler/shadow_mask/natiCPO06_04.jpg,./../datasets/Kligler/background_color_image/natiCPO06_04.jpg,./../datasets/Kligler/background_color_csv/natiCPO06_04.csv
110,./../datasets/Kligler/shadow_image/natiCPO06_05.jpg,./../datasets/Kligler/shadowfree_image/natiCPO06_05.jpg,./../datasets/Kligler/shadow_mask/natiCPO06_05.jpg,./../datasets/Kligler/background_color_image/natiCPO06_05.jpg,./../datasets/Kligler/background_color_csv/natiCPO06_05.csv
111,./../datasets/Kligler/shadow_image/natiCPO06_06.jpg,./../datasets/Kligler/shadowfree_image/natiCPO06_06.jpg,./../datasets/Kligler/shadow_mask/natiCPO06_06.jpg,./../datasets/Kligler/background_color_image/natiCPO06_06.jpg,./../datasets/Kligler/background_color_csv/natiCPO06_06.csv
112,./../datasets/Kligler/shadow_image/natiCPO06_07.jpg,./../datasets/Kligler/shadowfree_image/natiCPO06_07.jpg,./../datasets/Kligler/shadow_mask/natiCPO06_07.jpg,./../datasets/Kligler/background_color_image/natiCPO06_07.jpg,./../datasets/Kligler/background_color_csv/natiCPO06_07.csv
113,./../datasets/Kligler/shadow_image/natiCPO06_08.jpg,./../datasets/Kligler/shadowfree_image/natiCPO06_08.jpg,./../datasets/Kligler/shadow_mask/natiCPO06_08.jpg,./../datasets/Kligler/background_color_image/natiCPO06_08.jpg,./../datasets/Kligler/background_color_csv/natiCPO06_08.csv
114,./../datasets/Kligler/shadow_image/natiCPO06_09.jpg,./../datasets/Kligler/shadowfree_image/natiCPO06_09.jpg,./../datasets/Kligler/shadow_mask/natiCPO06_09.jpg,./../datasets/Kligler/background_color_image/natiCPO06_09.jpg,./../datasets/Kligler/background_color_csv/natiCPO06_09.csv
115,./../datasets/Kligler/shadow_image/natiCPO06_10.jpg,./../datasets/Kligler/shadowfree_image/natiCPO06_10.jpg,./../datasets/Kligler/shadow_mask/natiCPO06_10.jpg,./../datasets/Kligler/background_color_image/natiCPO06_10.jpg,./../datasets/Kligler/background_color_csv/natiCPO06_10.csv
116,./../datasets/Kligler/shadow_image/natiCPO06_11.jpg,./../datasets/Kligler/shadowfree_image/natiCPO06_11.jpg,./../datasets/Kligler/shadow_mask/natiCPO06_11.jpg,./../datasets/Kligler/background_color_image/natiCPO06_11.jpg,./../datasets/Kligler/background_color_csv/natiCPO06_11.csv
117,./../datasets/Kligler/shadow_image/natiCPO07_01.jpg,./../datasets/Kligler/shadowfree_image/natiCPO07_01.jpg,./../datasets/Kligler/shadow_mask/natiCPO07_01.jpg,./../datasets/Kligler/background_color_image/natiCPO07_01.jpg,./../datasets/Kligler/background_color_csv/natiCPO07_01.csv
118,./../datasets/Kligler/shadow_image/natiCPO07_02.jpg,./../datasets/Kligler/shadowfree_image/natiCPO07_02.jpg,./../datasets/Kligler/shadow_mask/natiCPO07_02.jpg,./../datasets/Kligler/background_color_image/natiCPO07_02.jpg,./../datasets/Kligler/background_color_csv/natiCPO07_02.csv
119,./../datasets/Kligler/shadow_image/natiCPO07_03.jpg,./../datasets/Kligler/shadowfree_image/natiCPO07_03.jpg,./../datasets/Kligler/shadow_mask/natiCPO07_03.jpg,./../datasets/Kligler/background_color_image/natiCPO07_03.jpg,./../datasets/Kligler/background_color_csv/natiCPO07_03.csv
120,./../datasets/Kligler/shadow_image/natiCPO07_04.jpg,./../datasets/Kligler/shadowfree_image/natiCPO07_04.jpg,./../datasets/Kligler/shadow_mask/natiCPO07_04.jpg,./../datasets/Kligler/background_color_image/natiCPO07_04.jpg,./../datasets/Kligler/background_color_csv/natiCPO07_04.csv
121,./../datasets/Kligler/shadow_image/natiCPO07_05.jpg,./../datasets/Kligler/shadowfree_image/natiCPO07_05.jpg,./../datasets/Kligler/shadow_mask/natiCPO07_05.jpg,./../datasets/Kligler/background_color_image/natiCPO07_05.jpg,./../datasets/Kligler/background_color_csv/natiCPO07_05.csv
122,./../datasets/Kligler/shadow_image/natiCPO07_06.jpg,./../datasets/Kligler/shadowfree_image/natiCPO07_06.jpg,./../datasets/Kligler/shadow_mask/natiCPO07_06.jpg,./../datasets/Kligler/background_color_image/natiCPO07_06.jpg,./../datasets/Kligler/background_color_csv/natiCPO07_06.csv
123,./../datasets/Kligler/shadow_image/natiCPO07_07.jpg,./../datasets/Kligler/shadowfree_image/natiCPO07_07.jpg,./../datasets/Kligler/shadow_mask/natiCPO07_07.jpg,./../datasets/Kligler/background_color_image/natiCPO07_07.jpg,./../datasets/Kligler/background_color_csv/natiCPO07_07.csv
124,./../datasets/Kligler/shadow_image/natiCPO07_08.jpg,./../datasets/Kligler/shadowfree_image/natiCPO07_08.jpg,./../datasets/Kligler/shadow_mask/natiCPO07_08.jpg,./../datasets/Kligler/background_color_image/natiCPO07_08.jpg,./../datasets/Kligler/background_color_csv/natiCPO07_08.csv
125,./../datasets/Kligler/shadow_image/natiCPO07_09.jpg,./../datasets/Kligler/shadowfree_image/natiCPO07_09.jpg,./../datasets/Kligler/shadow_mask/natiCPO07_09.jpg,./../datasets/Kligler/background_color_image/natiCPO07_09.jpg,./../datasets/Kligler/background_color_csv/natiCPO07_09.csv
126,./../datasets/Kligler/shadow_image/natiCPO07_10.jpg,./../datasets/Kligler/shadowfree_image/natiCPO07_10.jpg,./../datasets/Kligler/shadow_mask/natiCPO07_10.jpg,./../datasets/Kligler/background_color_image/natiCPO07_10.jpg,./../datasets/Kligler/background_color_csv/natiCPO07_10.csv
127,./../datasets/Kligler/shadow_image/natiCPO07_11.jpg,./../datasets/Kligler/shadowfree_image/natiCPO07_11.jpg,./../datasets/Kligler/shadow_mask/natiCPO07_11.jpg,./../datasets/Kligler/background_color_image/natiCPO07_11.jpg,./../datasets/Kligler/background_color_csv/natiCPO07_11.csv
128,./../datasets/Kligler/shadow_image/natiCPO07_12.jpg,./../datasets/Kligler/shadowfree_image/natiCPO07_12.jpg,./../datasets/Kligler/shadow_mask/natiCPO07_12.jpg,./../datasets/Kligler/background_color_image/natiCPO07_12.jpg,./../datasets/Kligler/background_color_csv/natiCPO07_12.csv
129,./../datasets/Kligler/shadow_image/natiCPO07_13.jpg,./../datasets/Kligler/shadowfree_image/natiCPO07_13.jpg,./../datasets/Kligler/shadow_mask/natiCPO07_13.jpg,./../datasets/Kligler/background_color_image/natiCPO07_13.jpg,./../datasets/Kligler/background_color_csv/natiCPO07_13.csv
130,./../datasets/Kligler/shadow_image/natiCPO07_14.jpg,./../datasets/Kligler/shadowfree_image/natiCPO07_14.jpg,./../datasets/Kligler/shadow_mask/natiCPO07_14.jpg,./../datasets/Kligler/background_color_image/natiCPO07_14.jpg,./../datasets/Kligler/background_color_csv/natiCPO07_14.csv
131,./../datasets/Kligler/shadow_image/natiCPO08_01.jpg,./../datasets/Kligler/shadowfree_image/natiCPO08_01.jpg,./../datasets/Kligler/shadow_mask/natiCPO08_01.jpg,./../datasets/Kligler/background_color_image/natiCPO08_01.jpg,./../datasets/Kligler/background_color_csv/natiCPO08_01.csv
132,./../datasets/Kligler/shadow_image/natiCPO08_02.jpg,./../datasets/Kligler/shadowfree_image/natiCPO08_02.jpg,./../datasets/Kligler/shadow_mask/natiCPO08_02.jpg,./../datasets/Kligler/background_color_image/natiCPO08_02.jpg,./../datasets/Kligler/background_color_csv/natiCPO08_02.csv
133,./../datasets/Kligler/shadow_image/natiCPO08_03.jpg,./../datasets/Kligler/shadowfree_image/natiCPO08_03.jpg,./../datasets/Kligler/shadow_mask/natiCPO08_03.jpg,./../datasets/Kligler/background_color_image/natiCPO08_03.jpg,./../datasets/Kligler/background_color_csv/natiCPO08_03.csv
134,./../datasets/Kligler/shadow_image/natiCPO08_04.jpg,./../datasets/Kligler/shadowfree_image/natiCPO08_04.jpg,./../datasets/Kligler/shadow_mask/natiCPO08_04.jpg,./../datasets/Kligler/background_color_image/natiCPO08_04.jpg,./../datasets/Kligler/background_color_csv/natiCPO08_04.csv
135,./../datasets/Kligler/shadow_image/natiCPO08_05.jpg,./../datasets/Kligler/shadowfree_image/natiCPO08_05.jpg,./../datasets/Kligler/shadow_mask/natiCPO08_05.jpg,./../datasets/Kligler/background_color_image/natiCPO08_05.jpg,./../datasets/Kligler/background_color_csv/natiCPO08_05.csv
136,./../datasets/Kligler/shadow_image/natiCPO08_06.jpg,./../datasets/Kligler/shadowfree_image/natiCPO08_06.jpg,./../datasets/Kligler/shadow_mask/natiCPO08_06.jpg,./../datasets/Kligler/background_color_image/natiCPO08_06.jpg,./../datasets/Kligler/background_color_csv/natiCPO08_06.csv
137,./../datasets/Kligler/shadow_image/natiCPO08_07.jpg,./../datasets/Kligler/shadowfree_image/natiCPO08_07.jpg,./../datasets/Kligler/shadow_mask/natiCPO08_07.jpg,./../datasets/Kligler/background_color_image/natiCPO08_07.jpg,./../datasets/Kligler/background_color_csv/natiCPO08_07.csv
138,./../datasets/Kligler/shadow_image/natiCPO08_08.jpg,./../datasets/Kligler/shadowfree_image/natiCPO08_08.jpg,./../datasets/Kligler/shadow_mask/natiCPO08_08.jpg,./../datasets/Kligler/background_color_image/natiCPO08_08.jpg,./../datasets/Kligler/background_color_csv/natiCPO08_08.csv
139,./../datasets/Kligler/shadow_image/natiCPO08_09.jpg,./../datasets/Kligler/shadowfree_image/natiCPO08_09.jpg,./../datasets/Kligler/shadow_mask/natiCPO08_09.jpg,./../datasets/Kligler/background_color_image/natiCPO08_09.jpg,./../datasets/Kligler/background_color_csv/natiCPO08_09.csv
140,./../datasets/Kligler/shadow_image/natiCPO08_10.jpg,./../datasets/Kligler/shadowfree_image/natiCPO08_10.jpg,./../datasets/Kligler/shadow_mask/natiCPO08_10.jpg,./../datasets/Kligler/background_color_image/natiCPO08_10.jpg,./../datasets/Kligler/background_color_csv/natiCPO08_10.csv
141,./../datasets/Kligler/shadow_image/natiCPO08_11.jpg,./../datasets/Kligler/shadowfree_image/natiCPO08_11.jpg,./../datasets/Kligler/shadow_mask/natiCPO08_11.jpg,./../datasets/Kligler/background_color_image/natiCPO08_11.jpg,./../datasets/Kligler/background_color_csv/natiCPO08_11.csv
142,./../datasets/Kligler/shadow_image/natiCPO08_12.jpg,./../datasets/Kligler/shadowfree_image/natiCPO08_12.jpg,./../datasets/Kligler/shadow_mask/natiCPO08_12.jpg,./../datasets/Kligler/background_color_image/natiCPO08_12.jpg,./../datasets/Kligler/background_color_csv/natiCPO08_12.csv
143,./../datasets/Kligler/shadow_image/natiCPO08_13.jpg,./../datasets/Kligler/shadowfree_image/natiCPO08_13.jpg,./../datasets/Kligler/shadow_mask/natiCPO08_13.jpg,./../datasets/Kligler/background_color_image/natiCPO08_13.jpg,./../datasets/Kligler/background_color_csv/natiCPO08_13.csv
144,./../datasets/Kligler/shadow_image/natiCPO08_14.jpg,./../datasets/Kligler/shadowfree_image/natiCPO08_14.jpg,./../datasets/Kligler/shadow_mask/natiCPO08_14.jpg,./../datasets/Kligler/background_color_image/natiCPO08_14.jpg,./../datasets/Kligler/background_color_csv/natiCPO08_14.csv
145,./../datasets/Kligler/shadow_image/natiCPR01_01.jpg,./../datasets/Kligler/shadowfree_image/natiCPR01_01.jpg,./../datasets/Kligler/shadow_mask/natiCPR01_01.jpg,./../datasets/Kligler/background_color_image/natiCPR01_01.jpg,./../datasets/Kligler/background_color_csv/natiCPR01_01.csv
146,./../datasets/Kligler/shadow_image/natiCPR01_02.jpg,./../datasets/Kligler/shadowfree_image/natiCPR01_02.jpg,./../datasets/Kligler/shadow_mask/natiCPR01_02.jpg,./../datasets/Kligler/background_color_image/natiCPR01_02.jpg,./../datasets/Kligler/background_color_csv/natiCPR01_02.csv
147,./../datasets/Kligler/shadow_image/natiCPR01_03.jpg,./../datasets/Kligler/shadowfree_image/natiCPR01_03.jpg,./../datasets/Kligler/shadow_mask/natiCPR01_03.jpg,./../datasets/Kligler/background_color_image/natiCPR01_03.jpg,./../datasets/Kligler/background_color_csv/natiCPR01_03.csv
148,./../datasets/Kligler/shadow_image/natiCPR01_04.jpg,./../datasets/Kligler/shadowfree_image/natiCPR01_04.jpg,./../datasets/Kligler/shadow_mask/natiCPR01_04.jpg,./../datasets/Kligler/background_color_image/natiCPR01_04.jpg,./../datasets/Kligler/background_color_csv/natiCPR01_04.csv
149,./../datasets/Kligler/shadow_image/natiCPR01_05.jpg,./../datasets/Kligler/shadowfree_image/natiCPR01_05.jpg,./../datasets/Kligler/shadow_mask/natiCPR01_05.jpg,./../datasets/Kligler/background_color_image/natiCPR01_05.jpg,./../datasets/Kligler/background_color_csv/natiCPR01_05.csv
150,./../datasets/Kligler/shadow_image/natiCPR01_06.jpg,./../datasets/Kligler/shadowfree_image/natiCPR01_06.jpg,./../datasets/Kligler/shadow_mask/natiCPR01_06.jpg,./../datasets/Kligler/background_color_image/natiCPR01_06.jpg,./../datasets/Kligler/background_color_csv/natiCPR01_06.csv
151,./../datasets/Kligler/shadow_image/natiCPR01_07.jpg,./../datasets/Kligler/shadowfree_image/natiCPR01_07.jpg,./../datasets/Kligler/shadow_mask/natiCPR01_07.jpg,./../datasets/Kligler/background_color_image/natiCPR01_07.jpg,./../datasets/Kligler/background_color_csv/natiCPR01_07.csv
152,./../datasets/Kligler/shadow_image/natiCPR01_08.jpg,./../datasets/Kligler/shadowfree_image/natiCPR01_08.jpg,./../datasets/Kligler/shadow_mask/natiCPR01_08.jpg,./../datasets/Kligler/background_color_image/natiCPR01_08.jpg,./../datasets/Kligler/background_color_csv/natiCPR01_08.csv
153,./../datasets/Kligler/shadow_image/natiCPR01_09.jpg,./../datasets/Kligler/shadowfree_image/natiCPR01_09.jpg,./../datasets/Kligler/shadow_mask/natiCPR01_09.jpg,./../datasets/Kligler/background_color_image/natiCPR01_09.jpg,./../datasets/Kligler/background_color_csv/natiCPR01_09.csv
154,./../datasets/Kligler/shadow_image/natiCPR01_10.jpg,./../datasets/Kligler/shadowfree_image/natiCPR01_10.jpg,./../datasets/Kligler/shadow_mask/natiCPR01_10.jpg,./../datasets/Kligler/background_color_image/natiCPR01_10.jpg,./../datasets/Kligler/background_color_csv/natiCPR01_10.csv
155,./../datasets/Kligler/shadow_image/natiCPR01_11.jpg,./../datasets/Kligler/shadowfree_image/natiCPR01_11.jpg,./../datasets/Kligler/shadow_mask/natiCPR01_11.jpg,./../datasets/Kligler/background_color_image/natiCPR01_11.jpg,./../datasets/Kligler/background_color_csv/natiCPR01_11.csv
156,./../datasets/Kligler/shadow_image/natiCPR01_12.jpg,./../datasets/Kligler/shadowfree_image/natiCPR01_12.jpg,./../datasets/Kligler/shadow_mask/natiCPR01_12.jpg,./../datasets/Kligler/background_color_image/natiCPR01_12.jpg,./../datasets/Kligler/background_color_csv/natiCPR01_12.csv
157,./../datasets/Kligler/shadow_image/natiCPR01_13.jpg,./../datasets/Kligler/shadowfree_image/natiCPR01_13.jpg,./../datasets/Kligler/shadow_mask/natiCPR01_13.jpg,./../datasets/Kligler/background_color_image/natiCPR01_13.jpg,./../datasets/Kligler/background_color_csv/natiCPR01_13.csv
158,./../datasets/Kligler/shadow_image/natiCPR01_14.jpg,./../datasets/Kligler/shadowfree_image/natiCPR01_14.jpg,./../datasets/Kligler/shadow_mask/natiCPR01_14.jpg,./../datasets/Kligler/background_color_image/natiCPR01_14.jpg,./../datasets/Kligler/background_color_csv/natiCPR01_14.csv
159,./../datasets/Kligler/shadow_image/natiCPR02_01.jpg,./../datasets/Kligler/shadowfree_image/natiCPR02_01.jpg,./../datasets/Kligler/shadow_mask/natiCPR02_01.jpg,./../datasets/Kligler/background_color_image/natiCPR02_01.jpg,./../datasets/Kligler/background_color_csv/natiCPR02_01.csv
160,./../datasets/Kligler/shadow_image/natiCPR02_02.jpg,./../datasets/Kligler/shadowfree_image/natiCPR02_02.jpg,./../datasets/Kligler/shadow_mask/natiCPR02_02.jpg,./../datasets/Kligler/background_color_image/natiCPR02_02.jpg,./../datasets/Kligler/background_color_csv/natiCPR02_02.csv
161,./../datasets/Kligler/shadow_image/natiCPR02_03.jpg,./../datasets/Kligler/shadowfree_image/natiCPR02_03.jpg,./../datasets/Kligler/shadow_mask/natiCPR02_03.jpg,./../datasets/Kligler/background_color_image/natiCPR02_03.jpg,./../datasets/Kligler/background_color_csv/natiCPR02_03.csv
162,./../datasets/Kligler/shadow_image/natiCPR02_04.jpg,./../datasets/Kligler/shadowfree_image/natiCPR02_04.jpg,./../datasets/Kligler/shadow_mask/natiCPR02_04.jpg,./../datasets/Kligler/background_color_image/natiCPR02_04.jpg,./../datasets/Kligler/background_color_csv/natiCPR02_04.csv
163,./../datasets/Kligler/shadow_image/natiCPR02_05.jpg,./../datasets/Kligler/shadowfree_image/natiCPR02_05.jpg,./../datasets/Kligler/shadow_mask/natiCPR02_05.jpg,./../datasets/Kligler/background_color_image/natiCPR02_05.jpg,./../datasets/Kligler/background_color_csv/natiCPR02_05.csv
164,./../datasets/Kligler/shadow_image/natiCPR02_06.jpg,./../datasets/Kligler/shadowfree_image/natiCPR02_06.jpg,./../datasets/Kligler/shadow_mask/natiCPR02_06.jpg,./../datasets/Kligler/background_color_image/natiCPR02_06.jpg,./../datasets/Kligler/background_color_csv/natiCPR02_06.csv
165,./../datasets/Kligler/shadow_image/natiCPR02_07.jpg,./../datasets/Kligler/shadowfree_image/natiCPR02_07.jpg,./../datasets/Kligler/shadow_mask/natiCPR02_07.jpg,./../datasets/Kligler/background_color_image/natiCPR02_07.jpg,./../datasets/Kligler/background_color_csv/natiCPR02_07.csv
166,./../datasets/Kligler/shadow_image/natiCPR02_08.jpg,./../datasets/Kligler/shadowfree_image/natiCPR02_08.jpg,./../datasets/Kligler/shadow_mask/natiCPR02_08.jpg,./../datasets/Kligler/background_color_image/natiCPR02_08.jpg,./../datasets/Kligler/background_color_csv/natiCPR02_08.csv
167,./../datasets/Kligler/shadow_image/natiCPR02_09.jpg,./../datasets/Kligler/shadowfree_image/natiCPR02_09.jpg,./../datasets/Kligler/shadow_mask/natiCPR02_09.jpg,./../datasets/Kligler/background_color_image/natiCPR02_09.jpg,./../datasets/Kligler/background_color_csv/natiCPR02_09.csv
168,./../datasets/Kligler/shadow_image/natiCPR02_10.jpg,./../datasets/Kligler/shadowfree_image/natiCPR02_10.jpg,./../datasets/Kligler/shadow_mask/natiCPR02_10.jpg,./../datasets/Kligler/background_color_image/natiCPR02_10.jpg,./../datasets/Kligler/background_color_csv/natiCPR02_10.csv
169,./../datasets/Kligler/shadow_image/natiCPR02_11.jpg,./../datasets/Kligler/shadowfree_image/natiCPR02_11.jpg,./../datasets/Kligler/shadow_mask/natiCPR02_11.jpg,./../datasets/Kligler/background_color_image/natiCPR02_11.jpg,./../datasets/Kligler/background_color_csv/natiCPR02_11.csv
170,./../datasets/Kligler/shadow_image/natiCPR02_12.jpg,./../datasets/Kligler/shadowfree_image/natiCPR02_12.jpg,./../datasets/Kligler/shadow_mask/natiCPR02_12.jpg,./../datasets/Kligler/background_color_image/natiCPR02_12.jpg,./../datasets/Kligler/background_color_csv/natiCPR02_12.csv
171,./../datasets/Kligler/shadow_image/natiCPR03_01.jpg,./../datasets/Kligler/shadowfree_image/natiCPR03_01.jpg,./../datasets/Kligler/shadow_mask/natiCPR03_01.jpg,./../datasets/Kligler/background_color_image/natiCPR03_01.jpg,./../datasets/Kligler/background_color_csv/natiCPR03_01.csv
172,./../datasets/Kligler/shadow_image/natiCPR03_02.jpg,./../datasets/Kligler/shadowfree_image/natiCPR03_02.jpg,./../datasets/Kligler/shadow_mask/natiCPR03_02.jpg,./../datasets/Kligler/background_color_image/natiCPR03_02.jpg,./../datasets/Kligler/background_color_csv/natiCPR03_02.csv
173,./../datasets/Kligler/shadow_image/natiCPR03_03.jpg,./../datasets/Kligler/shadowfree_image/natiCPR03_03.jpg,./../datasets/Kligler/shadow_mask/natiCPR03_03.jpg,./../datasets/Kligler/background_color_image/natiCPR03_03.jpg,./../datasets/Kligler/background_color_csv/natiCPR03_03.csv
174,./../datasets/Kligler/shadow_image/natiCPR03_04.jpg,./../datasets/Kligler/shadowfree_image/natiCPR03_04.jpg,./../datasets/Kligler/shadow_mask/natiCPR03_04.jpg,./../datasets/Kligler/background_color_image/natiCPR03_04.jpg,./../datasets/Kligler/background_color_csv/natiCPR03_04.csv
175,./../datasets/Kligler/shadow_image/natiCPR03_05.jpg,./../datasets/Kligler/shadowfree_image/natiCPR03_05.jpg,./../datasets/Kligler/shadow_mask/natiCPR03_05.jpg,./../datasets/Kligler/background_color_image/natiCPR03_05.jpg,./../datasets/Kligler/background_color_csv/natiCPR03_05.csv
176,./../datasets/Kligler/shadow_image/natiCPR03_06.jpg,./../datasets/Kligler/shadowfree_image/natiCPR03_06.jpg,./../datasets/Kligler/shadow_mask/natiCPR03_06.jpg,./../datasets/Kligler/background_color_image/natiCPR03_06.jpg,./../datasets/Kligler/background_color_csv/natiCPR03_06.csv
177,./../datasets/Kligler/shadow_image/natiCPR03_07.jpg,./../datasets/Kligler/shadowfree_image/natiCPR03_07.jpg,./../datasets/Kligler/shadow_mask/natiCPR03_07.jpg,./../datasets/Kligler/background_color_image/natiCPR03_07.jpg,./../datasets/Kligler/background_color_csv/natiCPR03_07.csv
178,./../datasets/Kligler/shadow_image/natiCPR03_08.jpg,./../datasets/Kligler/shadowfree_image/natiCPR03_08.jpg,./../datasets/Kligler/shadow_mask/natiCPR03_08.jpg,./../datasets/Kligler/background_color_image/natiCPR03_08.jpg,./../datasets/Kligler/background_color_csv/natiCPR03_08.csv
179,./../datasets/Kligler/shadow_image/natiCPR03_09.jpg,./../datasets/Kligler/shadowfree_image/natiCPR03_09.jpg,./../datasets/Kligler/shadow_mask/natiCPR03_09.jpg,./../datasets/Kligler/background_color_image/natiCPR03_09.jpg,./../datasets/Kligler/background_color_csv/natiCPR03_09.csv
180,./../datasets/Kligler/shadow_image/natiCPR03_10.jpg,./../datasets/Kligler/shadowfree_image/natiCPR03_10.jpg,./../datasets/Kligler/shadow_mask/natiCPR03_10.jpg,./../datasets/Kligler/background_color_image/natiCPR03_10.jpg,./../datasets/Kligler/background_color_csv/natiCPR03_10.csv
181,./../datasets/Kligler/shadow_image/natiCPR03_11.jpg,./../datasets/Kligler/shadowfree_image/natiCPR03_11.jpg,./../datasets/Kligler/shadow_mask/natiCPR03_11.jpg,./../datasets/Kligler/background_color_image/natiCPR03_11.jpg,./../datasets/Kligler/background_color_csv/natiCPR03_11.csv
182,./../datasets/Kligler/shadow_image/natiCPR04_01.jpg,./../datasets/Kligler/shadowfree_image/natiCPR04_01.jpg,./../datasets/Kligler/shadow_mask/natiCPR04_01.jpg,./../datasets/Kligler/background_color_image/natiCPR04_01.jpg,./../datasets/Kligler/background_color_csv/natiCPR04_01.csv
183,./../datasets/Kligler/shadow_image/natiCPR04_02.jpg,./../datasets/Kligler/shadowfree_image/natiCPR04_02.jpg,./../datasets/Kligler/shadow_mask/natiCPR04_02.jpg,./../datasets/Kligler/background_color_image/natiCPR04_02.jpg,./../datasets/Kligler/background_color_csv/natiCPR04_02.csv
184,./../datasets/Kligler/shadow_image/natiCPR04_03.jpg,./../datasets/Kligler/shadowfree_image/natiCPR04_03.jpg,./../datasets/Kligler/shadow_mask/natiCPR04_03.jpg,./../datasets/Kligler/background_color_image/natiCPR04_03.jpg,./../datasets/Kligler/background_color_csv/natiCPR04_03.csv
185,./../datasets/Kligler/shadow_image/natiCPR04_04.jpg,./../datasets/Kligler/shadowfree_image/natiCPR04_04.jpg,./../datasets/Kligler/shadow_mask/natiCPR04_04.jpg,./../datasets/Kligler/background_color_image/natiCPR04_04.jpg,./../datasets/Kligler/background_color_csv/natiCPR04_04.csv
186,./../datasets/Kligler/shadow_image/natiCPR04_05.jpg,./../datasets/Kligler/shadowfree_image/natiCPR04_05.jpg,./../datasets/Kligler/shadow_mask/natiCPR04_05.jpg,./../datasets/Kligler/background_color_image/natiCPR04_05.jpg,./../datasets/Kligler/background_color_csv/natiCPR04_05.csv
187,./../datasets/Kligler/shadow_image/natiCPR04_06.jpg,./../datasets/Kligler/shadowfree_image/natiCPR04_06.jpg,./../datasets/Kligler/shadow_mask/natiCPR04_06.jpg,./../datasets/Kligler/background_color_image/natiCPR04_06.jpg,./../datasets/Kligler/background_color_csv/natiCPR04_06.csv
188,./../datasets/Kligler/shadow_image/natiCPR04_07.jpg,./../datasets/Kligler/shadowfree_image/natiCPR04_07.jpg,./../datasets/Kligler/shadow_mask/natiCPR04_07.jpg,./../datasets/Kligler/background_color_image/natiCPR04_07.jpg,./../datasets/Kligler/background_color_csv/natiCPR04_07.csv
189,./../datasets/Kligler/shadow_image/natiCPR04_08.jpg,./../datasets/Kligler/shadowfree_image/natiCPR04_08.jpg,./../datasets/Kligler/shadow_mask/natiCPR04_08.jpg,./../datasets/Kligler/background_color_image/natiCPR04_08.jpg,./../datasets/Kligler/background_color_csv/natiCPR04_08.csv
190,./../datasets/Kligler/shadow_image/natiCPR04_09.jpg,./../datasets/Kligler/shadowfree_image/natiCPR04_09.jpg,./../datasets/Kligler/shadow_mask/natiCPR04_09.jpg,./../datasets/Kligler/background_color_image/natiCPR04_09.jpg,./../datasets/Kligler/background_color_csv/natiCPR04_09.csv
191,./../datasets/Kligler/shadow_image/natiCPR04_10.jpg,./../datasets/Kligler/shadowfree_image/natiCPR04_10.jpg,./../datasets/Kligler/shadow_mask/natiCPR04_10.jpg,./../datasets/Kligler/background_color_image/natiCPR04_10.jpg,./../datasets/Kligler/background_color_csv/natiCPR04_10.csv
192,./../datasets/Kligler/shadow_image/natiCPR04_11.jpg,./../datasets/Kligler/shadowfree_image/natiCPR04_11.jpg,./../datasets/Kligler/shadow_mask/natiCPR04_11.jpg,./../datasets/Kligler/background_color_image/natiCPR04_11.jpg,./../datasets/Kligler/background_color_csv/natiCPR04_11.csv
193,./../datasets/Kligler/shadow_image/natiCPR04_12.jpg,./../datasets/Kligler/shadowfree_image/natiCPR04_12.jpg,./../datasets/Kligler/shadow_mask/natiCPR04_12.jpg,./../datasets/Kligler/background_color_image/natiCPR04_12.jpg,./../datasets/Kligler/background_color_csv/natiCPR04_12.csv
194,./../datasets/Kligler/shadow_image/natiCPR05_01.jpg,./../datasets/Kligler/shadowfree_image/natiCPR05_01.jpg,./../datasets/Kligler/shadow_mask/natiCPR05_01.jpg,./../datasets/Kligler/background_color_image/natiCPR05_01.jpg,./../datasets/Kligler/background_color_csv/natiCPR05_01.csv
195,./../datasets/Kligler/shadow_image/natiCPR05_02.jpg,./../datasets/Kligler/shadowfree_image/natiCPR05_02.jpg,./../datasets/Kligler/shadow_mask/natiCPR05_02.jpg,./../datasets/Kligler/background_color_image/natiCPR05_02.jpg,./../datasets/Kligler/background_color_csv/natiCPR05_02.csv
196,./../datasets/Kligler/shadow_image/natiCPR05_03.jpg,./../datasets/Kligler/shadowfree_image/natiCPR05_03.jpg,./../datasets/Kligler/shadow_mask/natiCPR05_03.jpg,./../datasets/Kligler/background_color_image/natiCPR05_03.jpg,./../datasets/Kligler/background_color_csv/natiCPR05_03.csv
197,./../datasets/Kligler/shadow_image/natiCPR05_04.jpg,./../datasets/Kligler/shadowfree_image/natiCPR05_04.jpg,./../datasets/Kligler/shadow_mask/natiCPR05_04.jpg,./../datasets/Kligler/background_color_image/natiCPR05_04.jpg,./../datasets/Kligler/background_color_csv/natiCPR05_04.csv
198,./../datasets/Kligler/shadow_image/natiCPR05_05.jpg,./../datasets/Kligler/shadowfree_image/natiCPR05_05.jpg,./../datasets/Kligler/shadow_mask/natiCPR05_05.jpg,./../datasets/Kligler/background_color_image/natiCPR05_05.jpg,./../datasets/Kligler/background_color_csv/natiCPR05_05.csv
199,./../datasets/Kligler/shadow_image/natiCPR05_06.jpg,./../datasets/Kligler/shadowfree_image/natiCPR05_06.jpg,./../datasets/Kligler/shadow_mask/natiCPR05_06.jpg,./../datasets/Kligler/background_color_image/natiCPR05_06.jpg,./../datasets/Kligler/background_color_csv/natiCPR05_06.csv
200,./../datasets/Kligler/shadow_image/natiCPR05_07.jpg,./../datasets/Kligler/shadowfree_image/natiCPR05_07.jpg,./../datasets/Kligler/shadow_mask/natiCPR05_07.jpg,./../datasets/Kligler/background_color_image/natiCPR05_07.jpg,./../datasets/Kligler/background_color_csv/natiCPR05_07.csv
201,./../datasets/Kligler/shadow_image/natiCPR05_08.jpg,./../datasets/Kligler/shadowfree_image/natiCPR05_08.jpg,./../datasets/Kligler/shadow_mask/natiCPR05_08.jpg,./../datasets/Kligler/background_color_image/natiCPR05_08.jpg,./../datasets/Kligler/background_color_csv/natiCPR05_08.csv
202,./../datasets/Kligler/shadow_image/natiCPR05_09.jpg,./../datasets/Kligler/shadowfree_image/natiCPR05_09.jpg,./../datasets/Kligler/shadow_mask/natiCPR05_09.jpg,./../datasets/Kligler/background_color_image/natiCPR05_09.jpg,./../datasets/Kligler/background_color_csv/natiCPR05_09.csv
203,./../datasets/Kligler/shadow_image/natiCPR05_10.jpg,./../datasets/Kligler/shadowfree_image/natiCPR05_10.jpg,./../datasets/Kligler/shadow_mask/natiCPR05_10.jpg,./../datasets/Kligler/background_color_image/natiCPR05_10.jpg,./../datasets/Kligler/background_color_csv/natiCPR05_10.csv
204,./../datasets/Kligler/shadow_image/natiCPR05_11.jpg,./../datasets/Kligler/shadowfree_image/natiCPR05_11.jpg,./../datasets/Kligler/shadow_mask/natiCPR05_11.jpg,./../datasets/Kligler/background_color_image/natiCPR05_11.jpg,./../datasets/Kligler/background_color_csv/natiCPR05_11.csv
205,./../datasets/Kligler/shadow_image/natiCPR05_12.jpg,./../datasets/Kligler/shadowfree_image/natiCPR05_12.jpg,./../datasets/Kligler/shadow_mask/natiCPR05_12.jpg,./../datasets/Kligler/background_color_image/natiCPR05_12.jpg,./../datasets/Kligler/background_color_csv/natiCPR05_12.csv
206,./../datasets/Kligler/shadow_image/natiCSY01_01.jpg,./../datasets/Kligler/shadowfree_image/natiCSY01_01.jpg,./../datasets/Kligler/shadow_mask/natiCSY01_01.jpg,./../datasets/Kligler/background_color_image/natiCSY01_01.jpg,./../datasets/Kligler/background_color_csv/natiCSY01_01.csv
207,./../datasets/Kligler/shadow_image/natiCSY01_02.jpg,./../datasets/Kligler/shadowfree_image/natiCSY01_02.jpg,./../datasets/Kligler/shadow_mask/natiCSY01_02.jpg,./../datasets/Kligler/background_color_image/natiCSY01_02.jpg,./../datasets/Kligler/background_color_csv/natiCSY01_02.csv
208,./../datasets/Kligler/shadow_image/natiCSY01_03.jpg,./../datasets/Kligler/shadowfree_image/natiCSY01_03.jpg,./../datasets/Kligler/shadow_mask/natiCSY01_03.jpg,./../datasets/Kligler/background_color_image/natiCSY01_03.jpg,./../datasets/Kligler/background_color_csv/natiCSY01_03.csv
209,./../datasets/Kligler/shadow_image/natiCSY01_04.jpg,./../datasets/Kligler/shadowfree_image/natiCSY01_04.jpg,./../datasets/Kligler/shadow_mask/natiCSY01_04.jpg,./../datasets/Kligler/background_color_image/natiCSY01_04.jpg,./../datasets/Kligler/background_color_csv/natiCSY01_04.csv
210,./../datasets/Kligler/shadow_image/natiCSY01_05.jpg,./../datasets/Kligler/shadowfree_image/natiCSY01_05.jpg,./../datasets/Kligler/shadow_mask/natiCSY01_05.jpg,./../datasets/Kligler/background_color_image/natiCSY01_05.jpg,./../datasets/Kligler/background_color_csv/natiCSY01_05.csv
211,./../datasets/Kligler/shadow_image/natiCSY01_06.jpg,./../datasets/Kligler/shadowfree_image/natiCSY01_06.jpg,./../datasets/Kligler/shadow_mask/natiCSY01_06.jpg,./../datasets/Kligler/background_color_image/natiCSY01_06.jpg,./../datasets/Kligler/background_color_csv/natiCSY01_06.csv
212,./../datasets/Kligler/shadow_image/natiCSY01_07.jpg,./../datasets/Kligler/shadowfree_image/natiCSY01_07.jpg,./../datasets/Kligler/shadow_mask/natiCSY01_07.jpg,./../datasets/Kligler/background_color_image/natiCSY01_07.jpg,./../datasets/Kligler/background_color_csv/natiCSY01_07.csv
213,./../datasets/Kligler/shadow_image/natiCSY01_08.jpg,./../datasets/Kligler/shadowfree_image/natiCSY01_08.jpg,./../datasets/Kligler/shadow_mask/natiCSY01_08.jpg,./../datasets/Kligler/background_color_image/natiCSY01_08.jpg,./../datasets/Kligler/background_color_csv/natiCSY01_08.csv
214,./../datasets/Kligler/shadow_image/natiCSY01_09.jpg,./../datasets/Kligler/shadowfree_image/natiCSY01_09.jpg,./../datasets/Kligler/shadow_mask/natiCSY01_09.jpg,./../datasets/Kligler/background_color_image/natiCSY01_09.jpg,./../datasets/Kligler/background_color_csv/natiCSY01_09.csv
215,./../datasets/Kligler/shadow_image/natiCSY01_10.jpg,./../datasets/Kligler/shadowfree_image/natiCSY01_10.jpg,./../datasets/Kligler/shadow_mask/natiCSY01_10.jpg,./../datasets/Kligler/background_color_image/natiCSY01_10.jpg,./../datasets/Kligler/background_color_csv/natiCSY01_10.csv
216,./../datasets/Kligler/shadow_image/natiCSY01_11.jpg,./../datasets/Kligler/shadowfree_image/natiCSY01_11.jpg,./../datasets/Kligler/shadow_mask/natiCSY01_11.jpg,./../datasets/Kligler/background_color_image/natiCSY01_11.jpg,./../datasets/Kligler/background_color_csv/natiCSY01_11.csv
217,./../datasets/Kligler/shadow_image/natiCSY01_12.jpg,./../datasets/Kligler/shadowfree_image/natiCSY01_12.jpg,./../datasets/Kligler/shadow_mask/natiCSY01_12.jpg,./../datasets/Kligler/background_color_image/natiCSY01_12.jpg,./../datasets/Kligler/background_color_csv/natiCSY01_12.csv
218,./../datasets/Kligler/shadow_image/natiCSY01_13.jpg,./../datasets/Kligler/shadowfree_image/natiCSY01_13.jpg,./../datasets/Kligler/shadow_mask/natiCSY01_13.jpg,./../datasets/Kligler/background_color_image/natiCSY01_13.jpg,./../datasets/Kligler/background_color_csv/natiCSY01_13.csv
219,./../datasets/Kligler/shadow_image/natiCSY01_14.jpg,./../datasets/Kligler/shadowfree_image/natiCSY01_14.jpg,./../datasets/Kligler/shadow_mask/natiCSY01_14.jpg,./../datasets/Kligler/background_color_image/natiCSY01_14.jpg,./../datasets/Kligler/background_color_csv/natiCSY01_14.csv
220,./../datasets/Kligler/shadow_image/natiCSY01_15.jpg,./../datasets/Kligler/shadowfree_image/natiCSY01_15.jpg,./../datasets/Kligler/shadow_mask/natiCSY01_15.jpg,./../datasets/Kligler/background_color_image/natiCSY01_15.jpg,./../datasets/Kligler/background_color_csv/natiCSY01_15.csv
221,./../datasets/Kligler/shadow_image/natiCSY01_16.jpg,./../datasets/Kligler/shadowfree_image/natiCSY01_16.jpg,./../datasets/Kligler/shadow_mask/natiCSY01_16.jpg,./../datasets/Kligler/background_color_image/natiCSY01_16.jpg,./../datasets/Kligler/background_color_csv/natiCSY01_16.csv
222,./../datasets/Kligler/shadow_image/natiCSY02_01.jpg,./../datasets/Kligler/shadowfree_image/natiCSY02_01.jpg,./../datasets/Kligler/shadow_mask/natiCSY02_01.jpg,./../datasets/Kligler/background_color_image/natiCSY02_01.jpg,./../datasets/Kligler/background_color_csv/natiCSY02_01.csv
223,./../datasets/Kligler/shadow_image/natiCSY02_02.jpg,./../datasets/Kligler/shadowfree_image/natiCSY02_02.jpg,./../datasets/Kligler/shadow_mask/natiCSY02_02.jpg,./../datasets/Kligler/background_color_image/natiCSY02_02.jpg,./../datasets/Kligler/background_color_csv/natiCSY02_02.csv
224,./../datasets/Kligler/shadow_image/natiCSY02_03.jpg,./../datasets/Kligler/shadowfree_image/natiCSY02_03.jpg,./../datasets/Kligler/shadow_mask/natiCSY02_03.jpg,./../datasets/Kligler/background_color_image/natiCSY02_03.jpg,./../datasets/Kligler/background_color_csv/natiCSY02_03.csv
225,./../datasets/Kligler/shadow_image/natiCSY02_04.jpg,./../datasets/Kligler/shadowfree_image/natiCSY02_04.jpg,./../datasets/Kligler/shadow_mask/natiCSY02_04.jpg,./../datasets/Kligler/background_color_image/natiCSY02_04.jpg,./../datasets/Kligler/background_color_csv/natiCSY02_04.csv
226,./../datasets/Kligler/shadow_image/natiCSY02_05.jpg,./../datasets/Kligler/shadowfree_image/natiCSY02_05.jpg,./../datasets/Kligler/shadow_mask/natiCSY02_05.jpg,./../datasets/Kligler/background_color_image/natiCSY02_05.jpg,./../datasets/Kligler/background_color_csv/natiCSY02_05.csv
227,./../datasets/Kligler/shadow_image/natiCSY02_06.jpg,./../datasets/Kligler/shadowfree_image/natiCSY02_06.jpg,./../datasets/Kligler/shadow_mask/natiCSY02_06.jpg,./../datasets/Kligler/background_color_image/natiCSY02_06.jpg,./../datasets/Kligler/background_color_csv/natiCSY02_06.csv
228,./../datasets/Kligler/shadow_image/natiCSY02_07.jpg,./../datasets/Kligler/shadowfree_image/natiCSY02_07.jpg,./../datasets/Kligler/shadow_mask/natiCSY02_07.jpg,./../datasets/Kligler/background_color_image/natiCSY02_07.jpg,./../datasets/Kligler/background_color_csv/natiCSY02_07.csv
229,./../datasets/Kligler/shadow_image/natiCSY02_08.jpg,./../datasets/Kligler/shadowfree_image/natiCSY02_08.jpg,./../datasets/Kligler/shadow_mask/natiCSY02_08.jpg,./../datasets/Kligler/background_color_image/natiCSY02_08.jpg,./../datasets/Kligler/background_color_csv/natiCSY02_08.csv
230,./../datasets/Kligler/shadow_image/natiCSY02_09.jpg,./../datasets/Kligler/shadowfree_image/natiCSY02_09.jpg,./../datasets/Kligler/shadow_mask/natiCSY02_09.jpg,./../datasets/Kligler/background_color_image/natiCSY02_09.jpg,./../datasets/Kligler/background_color_csv/natiCSY02_09.csv
231,./../datasets/Kligler/shadow_image/natiCSY02_10.jpg,./../datasets/Kligler/shadowfree_image/natiCSY02_10.jpg,./../datasets/Kligler/shadow_mask/natiCSY02_10.jpg,./../datasets/Kligler/background_color_image/natiCSY02_10.jpg,./../datasets/Kligler/background_color_csv/natiCSY02_10.csv
232,./../datasets/Kligler/shadow_image/natiCSY03_01.jpg,./../datasets/Kligler/shadowfree_image/natiCSY03_01.jpg,./../datasets/Kligler/shadow_mask/natiCSY03_01.jpg,./../datasets/Kligler/background_color_image/natiCSY03_01.jpg,./../datasets/Kligler/background_color_csv/natiCSY03_01.csv
233,./../datasets/Kligler/shadow_image/natiCSY03_02.jpg,./../datasets/Kligler/shadowfree_image/natiCSY03_02.jpg,./../datasets/Kligler/shadow_mask/natiCSY03_02.jpg,./../datasets/Kligler/background_color_image/natiCSY03_02.jpg,./../datasets/Kligler/background_color_csv/natiCSY03_02.csv
234,./../datasets/Kligler/shadow_image/natiCSY03_03.jpg,./../datasets/Kligler/shadowfree_image/natiCSY03_03.jpg,./../datasets/Kligler/shadow_mask/natiCSY03_03.jpg,./../datasets/Kligler/background_color_image/natiCSY03_03.jpg,./../datasets/Kligler/background_color_csv/natiCSY03_03.csv
235,./../datasets/Kligler/shadow_image/natiCSY03_04.jpg,./../datasets/Kligler/shadowfree_image/natiCSY03_04.jpg,./../datasets/Kligler/shadow_mask/natiCSY03_04.jpg,./../datasets/Kligler/background_color_image/natiCSY03_04.jpg,./../datasets/Kligler/background_color_csv/natiCSY03_04.csv
236,./../datasets/Kligler/shadow_image/natiCSY03_05.jpg,./../datasets/Kligler/shadowfree_image/natiCSY03_05.jpg,./../datasets/Kligler/shadow_mask/natiCSY03_05.jpg,./../datasets/Kligler/background_color_image/natiCSY03_05.jpg,./../datasets/Kligler/background_color_csv/natiCSY03_05.csv
237,./../datasets/Kligler/shadow_image/natiCSY03_06.jpg,./../datasets/Kligler/shadowfree_image/natiCSY03_06.jpg,./../datasets/Kligler/shadow_mask/natiCSY03_06.jpg,./../datasets/Kligler/background_color_image/natiCSY03_06.jpg,./../datasets/Kligler/background_color_csv/natiCSY03_06.csv
238,./../datasets/Kligler/shadow_image/natiCSY03_07.jpg,./../datasets/Kligler/shadowfree_image/natiCSY03_07.jpg,./../datasets/Kligler/shadow_mask/natiCSY03_07.jpg,./../datasets/Kligler/background_color_image/natiCSY03_07.jpg,./../datasets/Kligler/background_color_csv/natiCSY03_07.csv
239,./../datasets/Kligler/shadow_image/natiCSY03_08.jpg,./../datasets/Kligler/shadowfree_image/natiCSY03_08.jpg,./../datasets/Kligler/shadow_mask/natiCSY03_08.jpg,./../datasets/Kligler/background_color_image/natiCSY03_08.jpg,./../datasets/Kligler/background_color_csv/natiCSY03_08.csv
240,./../datasets/Kligler/shadow_image/natiCSY03_09.jpg,./../datasets/Kligler/shadowfree_image/natiCSY03_09.jpg,./../datasets/Kligler/shadow_mask/natiCSY03_09.jpg,./../datasets/Kligler/background_color_image/natiCSY03_09.jpg,./../datasets/Kligler/background_color_csv/natiCSY03_09.csv
241,./../datasets/Kligler/shadow_image/natiCSY04_01.jpg,./../datasets/Kligler/shadowfree_image/natiCSY04_01.jpg,./../datasets/Kligler/shadow_mask/natiCSY04_01.jpg,./../datasets/Kligler/background_color_image/natiCSY04_01.jpg,./../datasets/Kligler/background_color_csv/natiCSY04_01.csv
242,./../datasets/Kligler/shadow_image/natiCSY04_02.jpg,./../datasets/Kligler/shadowfree_image/natiCSY04_02.jpg,./../datasets/Kligler/shadow_mask/natiCSY04_02.jpg,./../datasets/Kligler/background_color_image/natiCSY04_02.jpg,./../datasets/Kligler/background_color_csv/natiCSY04_02.csv
243,./../datasets/Kligler/shadow_image/natiCSY04_03.jpg,./../datasets/Kligler/shadowfree_image/natiCSY04_03.jpg,./../datasets/Kligler/shadow_mask/natiCSY04_03.jpg,./../datasets/Kligler/background_color_image/natiCSY04_03.jpg,./../datasets/Kligler/background_color_csv/natiCSY04_03.csv
244,./../datasets/Kligler/shadow_image/natiCSY04_04.jpg,./../datasets/Kligler/shadowfree_image/natiCSY04_04.jpg,./../datasets/Kligler/shadow_mask/natiCSY04_04.jpg,./../datasets/Kligler/background_color_image/natiCSY04_04.jpg,./../datasets/Kligler/background_color_csv/natiCSY04_04.csv
245,./../datasets/Kligler/shadow_image/natiCSY04_05.jpg,./../datasets/Kligler/shadowfree_image/natiCSY04_05.jpg,./../datasets/Kligler/shadow_mask/natiCSY04_05.jpg,./../datasets/Kligler/background_color_image/natiCSY04_05.jpg,./../datasets/Kligler/background_color_csv/natiCSY04_05.csv
246,./../datasets/Kligler/shadow_image/natiCSY04_06.jpg,./../datasets/Kligler/shadowfree_image/natiCSY04_06.jpg,./../datasets/Kligler/shadow_mask/natiCSY04_06.jpg,./../datasets/Kligler/background_color_image/natiCSY04_06.jpg,./../datasets/Kligler/background_color_csv/natiCSY04_06.csv
247,./../datasets/Kligler/shadow_image/natiCSY04_07.jpg,./../datasets/Kligler/shadowfree_image/natiCSY04_07.jpg,./../datasets/Kligler/shadow_mask/natiCSY04_07.jpg,./../datasets/Kligler/background_color_image/natiCSY04_07.jpg,./../datasets/Kligler/background_color_csv/natiCSY04_07.csv
248,./../datasets/Kligler/shadow_image/natiCSY04_08.jpg,./../datasets/Kligler/shadowfree_image/natiCSY04_08.jpg,./../datasets/Kligler/shadow_mask/natiCSY04_08.jpg,./../datasets/Kligler/background_color_image/natiCSY04_08.jpg,./../datasets/Kligler/background_color_csv/natiCSY04_08.csv
249,./../datasets/Kligler/shadow_image/natiCSY04_09.jpg,./../datasets/Kligler/shadowfree_image/natiCSY04_09.jpg,./../datasets/Kligler/shadow_mask/natiCSY04_09.jpg,./../datasets/Kligler/background_color_image/natiCSY04_09.jpg,./../datasets/Kligler/background_color_csv/natiCSY04_09.csv
250,./../datasets/Kligler/shadow_image/natiCSY04_10.jpg,./../datasets/Kligler/shadowfree_image/natiCSY04_10.jpg,./../datasets/Kligler/shadow_mask/natiCSY04_10.jpg,./../datasets/Kligler/background_color_image/natiCSY04_10.jpg,./../datasets/Kligler/background_color_csv/natiCSY04_10.csv
251,./../datasets/Kligler/shadow_image/natiCSY04_11.jpg,./../datasets/Kligler/shadowfree_image/natiCSY04_11.jpg,./../datasets/Kligler/shadow_mask/natiCSY04_11.jpg,./../datasets/Kligler/background_color_image/natiCSY04_11.jpg,./../datasets/Kligler/background_color_csv/natiCSY04_11.csv
252,./../datasets/Kligler/shadow_image/natiCSY04_12.jpg,./../datasets/Kligler/shadowfree_image/natiCSY04_12.jpg,./../datasets/Kligler/shadow_mask/natiCSY04_12.jpg,./../datasets/Kligler/background_color_image/natiCSY04_12.jpg,./../datasets/Kligler/background_color_csv/natiCSY04_12.csv
253,./../datasets/Kligler/shadow_image/natiCSY04_13.jpg,./../datasets/Kligler/shadowfree_image/natiCSY04_13.jpg,./../datasets/Kligler/shadow_mask/natiCSY04_13.jpg,./../datasets/Kligler/background_color_image/natiCSY04_13.jpg,./../datasets/Kligler/background_color_csv/natiCSY04_13.csv
254,./../datasets/Kligler/shadow_image/natiCSY04_14.jpg,./../datasets/Kligler/shadowfree_image/natiCSY04_14.jpg,./../datasets/Kligler/shadow_mask/natiCSY04_14.jpg,./../datasets/Kligler/background_color_image/natiCSY04_14.jpg,./../datasets/Kligler/background_color_csv/natiCSY04_14.csv
255,./../datasets/Kligler/shadow_image/natiCSY04_15.jpg,./../datasets/Kligler/shadowfree_image/natiCSY04_15.jpg,./../datasets/Kligler/shadow_mask/natiCSY04_15.jpg,./../datasets/Kligler/background_color_image/natiCSY04_15.jpg,./../datasets/Kligler/background_color_csv/natiCSY04_15.csv
256,./../datasets/Kligler/shadow_image/natiCSY04_16.jpg,./../datasets/Kligler/shadowfree_image/natiCSY04_16.jpg,./../datasets/Kligler/shadow_mask/natiCSY04_16.jpg,./../datasets/Kligler/background_color_image/natiCSY04_16.jpg,./../datasets/Kligler/background_color_csv/natiCSY04_16.csv
257,./../datasets/Kligler/shadow_image/natiCSY04_17.jpg,./../datasets/Kligler/shadowfree_image/natiCSY04_17.jpg,./../datasets/Kligler/shadow_mask/natiCSY04_17.jpg,./../datasets/Kligler/background_color_image/natiCSY04_17.jpg,./../datasets/Kligler/background_color_csv/natiCSY04_17.csv
258,./../datasets/Kligler/shadow_image/natiCSY05_01.jpg,./../datasets/Kligler/shadowfree_image/natiCSY05_01.jpg,./../datasets/Kligler/shadow_mask/natiCSY05_01.jpg,./../datasets/Kligler/background_color_image/natiCSY05_01.jpg,./../datasets/Kligler/background_color_csv/natiCSY05_01.csv
259,./../datasets/Kligler/shadow_image/natiCSY05_02.jpg,./../datasets/Kligler/shadowfree_image/natiCSY05_02.jpg,./../datasets/Kligler/shadow_mask/natiCSY05_02.jpg,./../datasets/Kligler/background_color_image/natiCSY05_02.jpg,./../datasets/Kligler/background_color_csv/natiCSY05_02.csv
260,./../datasets/Kligler/shadow_image/natiCSY05_03.jpg,./../datasets/Kligler/shadowfree_image/natiCSY05_03.jpg,./../datasets/Kligler/shadow_mask/natiCSY05_03.jpg,./../datasets/Kligler/background_color_image/natiCSY05_03.jpg,./../datasets/Kligler/background_color_csv/natiCSY05_03.csv
261,./../datasets/Kligler/shadow_image/natiCSY05_04.jpg,./../datasets/Kligler/shadowfree_image/natiCSY05_04.jpg,./../datasets/Kligler/shadow_mask/natiCSY05_04.jpg,./../datasets/Kligler/background_color_image/natiCSY05_04.jpg,./../datasets/Kligler/background_color_csv/natiCSY05_04.csv
262,./../datasets/Kligler/shadow_image/natiCSY05_05.jpg,./../datasets/Kligler/shadowfree_image/natiCSY05_05.jpg,./../datasets/Kligler/shadow_mask/natiCSY05_05.jpg,./../datasets/Kligler/background_color_image/natiCSY05_05.jpg,./../datasets/Kligler/background_color_csv/natiCSY05_05.csv
263,./../datasets/Kligler/shadow_image/natiCSY05_06.jpg,./../datasets/Kligler/shadowfree_image/natiCSY05_06.jpg,./../datasets/Kligler/shadow_mask/natiCSY05_06.jpg,./../datasets/Kligler/background_color_image/natiCSY05_06.jpg,./../datasets/Kligler/background_color_csv/natiCSY05_06.csv
264,./../datasets/Kligler/shadow_image/natiCSY05_07.jpg,./../datasets/Kligler/shadowfree_image/natiCSY05_07.jpg,./../datasets/Kligler/shadow_mask/natiCSY05_07.jpg,./../datasets/Kligler/background_color_image/natiCSY05_07.jpg,./../datasets/Kligler/background_color_csv/natiCSY05_07.csv
265,./../datasets/Kligler/shadow_image/natiCSY05_08.jpg,./../datasets/Kligler/shadowfree_image/natiCSY05_08.jpg,./../datasets/Kligler/shadow_mask/natiCSY05_08.jpg,./../datasets/Kligler/background_color_image/natiCSY05_08.jpg,./../datasets/Kligler/background_color_csv/natiCSY05_08.csv
266,./../datasets/Kligler/shadow_image/natiCSY05_09.jpg,./../datasets/Kligler/shadowfree_image/natiCSY05_09.jpg,./../datasets/Kligler/shadow_mask/natiCSY05_09.jpg,./../datasets/Kligler/background_color_image/natiCSY05_09.jpg,./../datasets/Kligler/background_color_csv/natiCSY05_09.csv
267,./../datasets/Kligler/shadow_image/natiCSY05_10.jpg,./../datasets/Kligler/shadowfree_image/natiCSY05_10.jpg,./../datasets/Kligler/shadow_mask/natiCSY05_10.jpg,./../datasets/Kligler/background_color_image/natiCSY05_10.jpg,./../datasets/Kligler/background_color_csv/natiCSY05_10.csv
268,./../datasets/Kligler/shadow_image/natiCSY05_11.jpg,./../datasets/Kligler/shadowfree_image/natiCSY05_11.jpg,./../datasets/Kligler/shadow_mask/natiCSY05_11.jpg,./../datasets/Kligler/background_color_image/natiCSY05_11.jpg,./../datasets/Kligler/background_color_csv/natiCSY05_11.csv
269,./../datasets/Kligler/shadow_image/natiCSY05_12.jpg,./../datasets/Kligler/shadowfree_image/natiCSY05_12.jpg,./../datasets/Kligler/shadow_mask/natiCSY05_12.jpg,./../datasets/Kligler/background_color_image/natiCSY05_12.jpg,./../datasets/Kligler/background_color_csv/natiCSY05_12.csv
270,./../datasets/Kligler/shadow_image/natiCSY06_01.jpg,./../datasets/Kligler/shadowfree_image/natiCSY06_01.jpg,./../datasets/Kligler/shadow_mask/natiCSY06_01.jpg,./../datasets/Kligler/background_color_image/natiCSY06_01.jpg,./../datasets/Kligler/background_color_csv/natiCSY06_01.csv
271,./../datasets/Kligler/shadow_image/natiCSY06_02.jpg,./../datasets/Kligler/shadowfree_image/natiCSY06_02.jpg,./../datasets/Kligler/shadow_mask/natiCSY06_02.jpg,./../datasets/Kligler/background_color_image/natiCSY06_02.jpg,./../datasets/Kligler/background_color_csv/natiCSY06_02.csv
272,./../datasets/Kligler/shadow_image/natiCSY06_03.jpg,./../datasets/Kligler/shadowfree_image/natiCSY06_03.jpg,./../datasets/Kligler/shadow_mask/natiCSY06_03.jpg,./../datasets/Kligler/background_color_image/natiCSY06_03.jpg,./../datasets/Kligler/background_color_csv/natiCSY06_03.csv
273,./../datasets/Kligler/shadow_image/natiCSY06_04.jpg,./../datasets/Kligler/shadowfree_image/natiCSY06_04.jpg,./../datasets/Kligler/shadow_mask/natiCSY06_04.jpg,./../datasets/Kligler/background_color_image/natiCSY06_04.jpg,./../datasets/Kligler/background_color_csv/natiCSY06_04.csv
274,./../datasets/Kligler/shadow_image/natiCSY06_05.jpg,./../datasets/Kligler/shadowfree_image/natiCSY06_05.jpg,./../datasets/Kligler/shadow_mask/natiCSY06_05.jpg,./../datasets/Kligler/background_color_image/natiCSY06_05.jpg,./../datasets/Kligler/background_color_csv/natiCSY06_05.csv
275,./../datasets/Kligler/shadow_image/natiCSY06_06.jpg,./../datasets/Kligler/shadowfree_image/natiCSY06_06.jpg,./../datasets/Kligler/shadow_mask/natiCSY06_06.jpg,./../datasets/Kligler/background_color_image/natiCSY06_06.jpg,./../datasets/Kligler/background_color_csv/natiCSY06_06.csv
276,./../datasets/Kligler/shadow_image/natiCSY06_07.jpg,./../datasets/Kligler/shadowfree_image/natiCSY06_07.jpg,./../datasets/Kligler/shadow_mask/natiCSY06_07.jpg,./../datasets/Kligler/background_color_image/natiCSY06_07.jpg,./../datasets/Kligler/background_color_csv/natiCSY06_07.csv
277,./../datasets/Kligler/shadow_image/natiCSY06_08.jpg,./../datasets/Kligler/shadowfree_image/natiCSY06_08.jpg,./../datasets/Kligler/shadow_mask/natiCSY06_08.jpg,./../datasets/Kligler/background_color_image/natiCSY06_08.jpg,./../datasets/Kligler/background_color_csv/natiCSY06_08.csv
278,./../datasets/Kligler/shadow_image/natiCSY06_09.jpg,./../datasets/Kligler/shadowfree_image/natiCSY06_09.jpg,./../datasets/Kligler/shadow_mask/natiCSY06_09.jpg,./../datasets/Kligler/background_color_image/natiCSY06_09.jpg,./../datasets/Kligler/background_color_csv/natiCSY06_09.csv
279,./../datasets/Kligler/shadow_image/natiCSY06_10.jpg,./../datasets/Kligler/shadowfree_image/natiCSY06_10.jpg,./../datasets/Kligler/shadow_mask/natiCSY06_10.jpg,./../datasets/Kligler/background_color_image/natiCSY06_10.jpg,./../datasets/Kligler/background_color_csv/natiCSY06_10.csv
280,./../datasets/Kligler/shadow_image/natiCSY06_11.jpg,./../datasets/Kligler/shadowfree_image/natiCSY06_11.jpg,./../datasets/Kligler/shadow_mask/natiCSY06_11.jpg,./../datasets/Kligler/background_color_image/natiCSY06_11.jpg,./../datasets/Kligler/background_color_csv/natiCSY06_11.csv
281,./../datasets/Kligler/shadow_image/natiCSY06_12.jpg,./../datasets/Kligler/shadowfree_image/natiCSY06_12.jpg,./../datasets/Kligler/shadow_mask/natiCSY06_12.jpg,./../datasets/Kligler/background_color_image/natiCSY06_12.jpg,./../datasets/Kligler/background_color_csv/natiCSY06_12.csv
282,./../datasets/Kligler/shadow_image/natiCSY06_13.jpg,./../datasets/Kligler/shadowfree_image/natiCSY06_13.jpg,./../datasets/Kligler/shadow_mask/natiCSY06_13.jpg,./../datasets/Kligler/background_color_image/natiCSY06_13.jpg,./../datasets/Kligler/background_color_csv/natiCSY06_13.csv
283,./../datasets/Kligler/shadow_image/natiCSY06_14.jpg,./../datasets/Kligler/shadowfree_image/natiCSY06_14.jpg,./../datasets/Kligler/shadow_mask/natiCSY06_14.jpg,./../datasets/Kligler/background_color_image/natiCSY06_14.jpg,./../datasets/Kligler/background_color_csv/natiCSY06_14.csv
284,./../datasets/Kligler/shadow_image/natiCSY06_15.jpg,./../datasets/Kligler/shadowfree_image/natiCSY06_15.jpg,./../datasets/Kligler/shadow_mask/natiCSY06_15.jpg,./../datasets/Kligler/background_color_image/natiCSY06_15.jpg,./../datasets/Kligler/background_color_csv/natiCSY06_15.csv
285,./../datasets/Kligler/shadow_image/natiCSY06_16.jpg,./../datasets/Kligler/shadowfree_image/natiCSY06_16.jpg,./../datasets/Kligler/shadow_mask/natiCSY06_16.jpg,./../datasets/Kligler/background_color_image/natiCSY06_16.jpg,./../datasets/Kligler/background_color_csv/natiCSY06_16.csv
286,./../datasets/Kligler/shadow_image/natiCSY06_17.jpg,./../datasets/Kligler/shadowfree_image/natiCSY06_17.jpg,./../datasets/Kligler/shadow_mask/natiCSY06_17.jpg,./../datasets/Kligler/background_color_image/natiCSY06_17.jpg,./../datasets/Kligler/background_color_csv/natiCSY06_17.csv
287,./../datasets/Kligler/shadow_image/natiCSY07_01.jpg,./../datasets/Kligler/shadowfree_image/natiCSY07_01.jpg,./../datasets/Kligler/shadow_mask/natiCSY07_01.jpg,./../datasets/Kligler/background_color_image/natiCSY07_01.jpg,./../datasets/Kligler/background_color_csv/natiCSY07_01.csv
288,./../datasets/Kligler/shadow_image/natiCSY07_02.jpg,./../datasets/Kligler/shadowfree_image/natiCSY07_02.jpg,./../datasets/Kligler/shadow_mask/natiCSY07_02.jpg,./../datasets/Kligler/background_color_image/natiCSY07_02.jpg,./../datasets/Kligler/background_color_csv/natiCSY07_02.csv
289,./../datasets/Kligler/shadow_image/natiCSY07_03.jpg,./../datasets/Kligler/shadowfree_image/natiCSY07_03.jpg,./../datasets/Kligler/shadow_mask/natiCSY07_03.jpg,./../datasets/Kligler/background_color_image/natiCSY07_03.jpg,./../datasets/Kligler/background_color_csv/natiCSY07_03.csv
290,./../datasets/Kligler/shadow_image/natiCSY07_04.jpg,./../datasets/Kligler/shadowfree_image/natiCSY07_04.jpg,./../datasets/Kligler/shadow_mask/natiCSY07_04.jpg,./../datasets/Kligler/background_color_image/natiCSY07_04.jpg,./../datasets/Kligler/background_color_csv/natiCSY07_04.csv
291,./../datasets/Kligler/shadow_image/natiCSY07_05.jpg,./../datasets/Kligler/shadowfree_image/natiCSY07_05.jpg,./../datasets/Kligler/shadow_mask/natiCSY07_05.jpg,./../datasets/Kligler/background_color_image/natiCSY07_05.jpg,./../datasets/Kligler/background_color_csv/natiCSY07_05.csv
292,./../datasets/Kligler/shadow_image/natiCSY07_06.jpg,./../datasets/Kligler/shadowfree_image/natiCSY07_06.jpg,./../datasets/Kligler/shadow_mask/natiCSY07_06.jpg,./../datasets/Kligler/background_color_image/natiCSY07_06.jpg,./../datasets/Kligler/background_color_csv/natiCSY07_06.csv
293,./../datasets/Kligler/shadow_image/natiCSY07_07.jpg,./../datasets/Kligler/shadowfree_image/natiCSY07_07.jpg,./../datasets/Kligler/shadow_mask/natiCSY07_07.jpg,./../datasets/Kligler/background_color_image/natiCSY07_07.jpg,./../datasets/Kligler/background_color_csv/natiCSY07_07.csv
294,./../datasets/Kligler/shadow_image/natiCSY07_08.jpg,./../datasets/Kligler/shadowfree_image/natiCSY07_08.jpg,./../datasets/Kligler/shadow_mask/natiCSY07_08.jpg,./../datasets/Kligler/background_color_image/natiCSY07_08.jpg,./../datasets/Kligler/background_color_csv/natiCSY07_08.csv
295,./../datasets/Kligler/shadow_image/natiCSY07_09.jpg,./../datasets/Kligler/shadowfree_image/natiCSY07_09.jpg,./../datasets/Kligler/shadow_mask/natiCSY07_09.jpg,./../datasets/Kligler/background_color_image/natiCSY07_09.jpg,./../datasets/Kligler/background_color_csv/natiCSY07_09.csv
296,./../datasets/Kligler/shadow_image/natiCSY07_10.jpg,./../datasets/Kligler/shadowfree_image/natiCSY07_10.jpg,./../datasets/Kligler/shadow_mask/natiCSY07_10.jpg,./../datasets/Kligler/background_color_image/natiCSY07_10.jpg,./../datasets/Kligler/background_color_csv/natiCSY07_10.csv
297,./../datasets/Kligler/shadow_image/natiCSY07_11.jpg,./../datasets/Kligler/shadowfree_image/natiCSY07_11.jpg,./../datasets/Kligler/shadow_mask/natiCSY07_11.jpg,./../datasets/Kligler/background_color_image/natiCSY07_11.jpg,./../datasets/Kligler/background_color_csv/natiCSY07_11.csv
298,./../datasets/Kligler/shadow_image/natiCSY07_12.jpg,./../datasets/Kligler/shadowfree_image/natiCSY07_12.jpg,./../datasets/Kligler/shadow_mask/natiCSY07_12.jpg,./../datasets/Kligler/background_color_image/natiCSY07_12.jpg,./../datasets/Kligler/background_color_csv/natiCSY07_12.csv
299,./../datasets/Kligler/shadow_image/natiCSY07_13.jpg,./../datasets/Kligler/shadowfree_image/natiCSY07_13.jpg,./../datasets/Kligler/shadow_mask/natiCSY07_13.jpg,./../datasets/Kligler/background_color_image/natiCSY07_13.jpg,./../datasets/Kligler/background_color_csv/natiCSY07_13.csv
